,count,mean,std,min,25%,50%,75%,max,ski_resort
0,36.0,242.58333333333334,105.28990590609475,100.0,175.0,229.5,303.0,595.0,Magic Mountain
1,36.0,138.16666666666666,62.80923498976882,77.0,99.75,117.5,167.25,393.0,49 Degrees North
2,30.0,171.56666666666666,78.14781896633713,59.0,112.75,151.5,209.0,400.0,Afton Alps
3,33.0,256.5151515151515,126.15271529284486,99.0,176.0,232.0,314.0,644.0,Alpental
4,35.0,164.34285714285716,76.44719163738912,65.0,103.5,148.0,204.5,415.0,Alpine Valley Ohio
5,35.0,161.88571428571427,84.75284879077081,65.0,104.5,145.0,169.5,425.0,Alpine Valley Wisconsin
6,33.0,309.57575757575756,349.9531245666188,60.0,121.0,193.0,280.0,1500.0,Alta
7,34.0,290.55882352941177,177.57835507885912,75.0,188.0,233.5,337.25,769.0,Alyeska
8,34.0,255.2058823529412,140.37974027437465,110.0,162.0,215.5,290.0,691.0,Andes Tower Hills
9,32.0,181.71875,73.22974645681242,84.0,126.25,155.0,236.5,320.0,Angel Fire
10,24.0,164.83333333333334,59.80596645142026,82.0,114.75,165.0,203.75,312.0,Anthony Lakes
11,36.0,221.58333333333334,88.44639215770356,115.0,164.0,198.5,241.25,494.0,Appalachian Ski Mountain
12,33.0,150.3030303030303,63.8829421914043,45.0,108.0,125.0,193.0,338.0,Apple Mountain
13,36.0,186.38888888888889,46.951815895373166,93.0,150.0,183.0,201.25,325.0,Arapahoe Basin
14,34.0,154.2941176470588,53.917742855690896,86.0,114.5,137.0,179.0,295.0,Arizona Snowbowl
15,35.0,556.4,269.1409208836843,145.0,361.0,519.0,689.0,1391.0,Aspen Snowmass
16,35.0,170.4857142857143,49.618765086804565,97.0,127.5,159.0,209.0,275.0,Attitash
17,33.0,188.45454545454547,115.84178081252972,77.0,101.0,147.0,255.0,538.0,Bear Creek Mountain
18,32.0,188.28125,78.71968822674623,46.0,134.75,178.5,224.75,406.0,Bear Mountain
19,33.0,231.84848484848484,83.1452498688745,103.0,177.0,224.0,272.0,500.0,Bear Valley
20,36.0,338.8611111111111,126.96639662924939,164.0,249.75,311.5,399.0,717.0,Beaver Creek
21,35.0,103.77142857142857,35.351250676174786,39.0,84.0,95.0,125.5,199.0,Beaver Mountain
22,33.0,164.0,75.10534268612321,85.0,129.0,145.0,199.0,459.0,Ski Beech Mountain
23,32.0,258.96875,119.75741188591587,108.0,194.0,236.0,285.0,705.0,Belleayre
24,35.0,199.57142857142858,89.6293956881813,96.0,128.5,186.0,249.0,500.0,Berkshire East
25,32.0,285.09375,147.11074594529336,55.0,189.5,247.5,336.5,773.0,Big Bear
26,30.0,198.7,97.2455654515927,104.0,139.25,174.5,229.0,612.0,Big Boulder
27,32.0,190.03125,101.17805588137915,75.0,117.75,135.0,274.0,407.0,Big Powderhorn Mountain
28,35.0,294.2857142857143,123.98068431829861,99.0,195.5,283.0,385.0,550.0,Big Sky
29,34.0,219.5,88.35440000362178,95.0,152.25,212.0,267.0,440.0,Big Squaw
30,33.0,174.3030303030303,81.83500353168138,72.0,125.0,151.0,200.0,460.0,Bittersweet
31,36.0,201.44444444444446,72.6032051415459,95.0,155.25,184.5,226.0,400.0,Blandford
32,32.0,120.53125,39.92572489090857,51.0,94.5,115.0,151.25,232.0,Black Mountain
33,36.0,193.27777777777777,83.53907934480591,55.0,144.0,185.0,235.75,372.0,Blacktail Mountain
34,35.0,151.62857142857143,56.673515816102174,75.0,115.0,147.0,178.5,369.0,Blue Hills
35,34.0,144.44117647058823,139.82677403833614,66.0,82.0,112.0,148.0,880.0,Blue Knob
36,32.0,164.375,72.91477570512737,96.0,120.75,144.5,179.0,406.0,Blue Mountain
37,34.0,180.2941176470588,79.57520910273071,80.0,135.5,156.0,233.5,464.0,Bluewood
38,35.0,108.11428571428571,40.47785990954985,67.0,87.0,95.0,119.5,292.0,Bogus Basin
39,36.0,227.41666666666666,140.6319157029645,88.0,142.5,181.0,275.0,760.0,Bolton Valley
40,34.0,278.55882352941177,94.65925851609232,125.0,222.0,251.0,317.75,539.0,Boreal
41,31.0,208.7741935483871,112.71104934815082,81.0,111.5,170.0,277.5,480.0,Boston Mills and Brandywine
42,31.0,172.1290322580645,72.82524376225773,75.0,121.5,151.0,224.0,331.0,Bousquet
43,36.0,240.13888888888889,116.81417545529989,109.0,143.75,212.0,304.25,618.0,Boyne Mountain
44,36.0,155.36111111111111,61.06210083783687,75.0,109.0,151.5,183.0,314.0,Bradford
45,35.0,174.57142857142858,69.52286365958015,93.0,121.5,149.0,217.0,350.0,Brantling Ski
46,35.0,258.0571428571429,83.73099182260198,175.0,219.5,248.0,274.0,675.0,Breckenridge
47,33.0,275.90909090909093,129.08218400411704,89.0,151.0,279.0,387.0,539.0,Bretton Woods
48,34.0,148.02941176470588,118.72695573384047,47.0,85.5,120.5,164.25,730.0,Brian Head
49,35.0,207.71428571428572,78.32983483456405,96.0,162.5,193.0,230.0,419.0,Bridger Bowl
50,33.0,391.6363636363636,203.45021168915906,103.0,259.0,351.0,454.0,975.0,Brighton
51,34.0,170.2058823529412,61.46434266218773,82.0,126.5,158.0,192.0,320.0,Bristol Mountain
52,35.0,274.4,160.96623686899284,142.0,174.5,248.0,302.0,1003.0,Bromley Mountain
53,31.0,214.5483870967742,152.68591699076845,86.0,135.0,176.0,224.5,740.0,Bruce Mound
54,35.0,207.4857142857143,83.99627842896355,101.0,148.5,185.0,259.5,437.0,Brundage Mountain
55,34.0,214.47058823529412,105.64813965122484,95.0,150.0,179.0,243.25,610.0,Bryce
56,35.0,172.0857142857143,105.36752804534494,50.0,100.5,121.0,231.0,515.0,Buck Hill
57,33.0,175.54545454545453,63.075396802700986,52.0,140.0,165.0,200.0,347.0,Buena Vista
58,36.0,157.41666666666666,63.020801554498085,64.0,99.75,152.5,181.75,300.0,Buffalo Ski Club
59,34.0,196.08823529411765,75.43826199316246,100.0,150.0,177.5,227.75,361.0,Burke Mountain
60,34.0,185.14705882352942,99.92728639788493,90.0,125.75,167.5,213.25,647.0,Caberfae Peaks Ski Golf
61,35.0,197.4857142857143,77.08680036112517,73.0,149.5,179.0,224.0,519.0,Camden
62,28.0,193.82142857142858,70.54709673078585,93.0,148.0,183.5,217.5,400.0,Camelback Mountain
63,33.0,198.54545454545453,100.03908327158032,61.0,135.0,164.0,254.0,508.0,Campgaw Mountain
64,33.0,146.75757575757575,50.35004363393734,68.0,109.0,130.0,174.0,264.0,Canaan Valley
65,34.0,176.23529411764707,75.17618047305233,89.0,113.75,149.0,237.25,335.0,Cannon Mountain
66,35.0,202.4,145.3948376784039,74.0,104.5,147.0,225.0,758.0,Cannonsburg
67,36.0,180.72222222222223,90.6155493156543,68.0,116.75,169.0,208.75,537.0,Cascade Mountain
68,36.0,160.02777777777777,49.27502184451853,68.0,124.25,158.0,186.75,295.0,Cataloochee
69,34.0,248.08823529411765,101.59973981327302,100.0,155.5,224.5,312.0,470.0,Catamount Ski Ride Area
70,35.0,204.31428571428572,72.87086540730859,115.0,149.0,178.0,251.0,394.0,Chestnut Mountain
71,24.0,227.08333333333334,126.70503804769038,104.0,154.5,189.5,241.25,710.0,Ski China Peak
72,35.0,170.65714285714284,63.367250243018624,93.0,127.5,162.0,194.0,332.0,Christie Mountain
73,32.0,187.46875,57.84739901309864,87.0,134.75,191.0,220.0,368.0,Christmas Mountain
74,36.0,194.58333333333334,88.6580509598536,95.0,132.75,175.5,206.25,495.0,Coffee ll
75,36.0,225.36111111111111,110.69421272206931,89.0,158.0,186.0,271.25,552.0,Ski Cooper
76,34.0,227.11764705882354,115.52430275759829,125.0,153.0,193.5,258.75,699.0,Cooper Spur
77,36.0,404.72222222222223,128.26459507286626,150.0,326.75,405.0,467.5,859.0,Copper Mountain
78,34.0,174.58823529411765,68.4946879811853,97.0,117.75,160.5,213.5,375.0,Cranmore Mountain
79,33.0,236.93939393939394,75.09699536014216,89.0,192.0,225.0,275.0,420.0,Crested Butte Mountain
80,35.0,189.14285714285714,108.97521112003162,40.0,124.0,150.0,222.5,475.0,Crotched Mountain
81,36.0,221.44444444444446,89.3661631217941,90.0,159.0,201.0,260.0,550.0,Crystal Mountain
82,33.0,213.45454545454547,83.39517780914062,40.0,142.0,201.0,277.0,397.0,Crystal Mountain 
83,34.0,202.61764705882354,71.02454322099119,95.0,146.0,192.5,250.0,349.0,Dartmouth Skiway
84,35.0,172.28571428571428,66.48333335088861,76.0,121.0,175.0,199.0,359.0,Ski Mystic at Deer Mountain
85,32.0,232.625,82.51519899095032,103.0,156.0,233.5,289.25,405.0,Deer Valley
86,31.0,135.6451612903226,96.95275426278403,62.0,80.5,97.0,138.5,439.0,Devils Head
87,34.0,283.44117647058823,149.79140873864333,115.0,222.25,246.0,282.75,899.0,Diamond Peak
88,34.0,188.08823529411765,120.52646324457541,60.0,129.5,157.5,221.5,730.0,Discovery
89,32.0,203.5,93.51901652398246,100.0,137.0,185.5,243.25,490.0,Dodge Ridge
90,36.0,311.77777777777777,126.9315025878381,138.0,224.25,262.5,355.0,739.0,Donner Ski Ranch
91,35.0,143.77142857142857,69.39362816752055,63.0,92.5,125.0,189.5,405.0,Dry Hill
92,35.0,208.14285714285714,124.51651032910382,67.0,125.5,160.0,252.5,600.0,Eagle Point
93,36.0,140.66666666666666,70.56506622563725,39.0,89.75,122.5,190.0,365.0,Eagle Rock
94,35.0,161.54285714285714,58.16676980238543,69.0,115.0,154.0,205.0,275.0,Eaglecrest
95,34.0,281.5882352941176,191.59143993769007,87.0,161.75,210.0,291.25,824.0,Eldora Mountain
96,33.0,254.1818181818182,163.49721988184052,109.0,175.0,220.0,280.0,850.0,Elk Mountain Ski
97,36.0,149.16666666666666,99.09029071652637,14.0,86.0,115.0,163.5,386.0,Elko SnoBowl
98,36.0,172.88888888888889,123.05696190389179,65.0,100.0,137.0,195.75,725.0,Elm Creek
99,36.0,288.8333333333333,96.25130796884937,95.0,231.0,274.0,311.75,600.0,Enchanted Forest
100,35.0,132.37142857142857,67.03646317458868,50.0,83.0,115.0,159.5,302.0,Four Lakes
101,33.0,212.27272727272728,93.66204965435331,84.0,150.0,187.0,269.0,450.0,Giants Ridge
102,36.0,195.69444444444446,68.77450501226846,89.0,147.0,187.5,221.25,421.0,Gore Mountain
103,36.0,128.61111111111111,48.99928732879855,71.0,94.75,113.5,157.5,300.0,Granby Ranch
104,35.0,186.57142857142858,74.99305289954049,65.0,143.5,173.0,220.0,381.0,Grand Geneva
105,36.0,195.91666666666666,83.91266718610316,95.0,137.75,164.0,250.0,408.0,Grand Targhee
106,35.0,142.94285714285715,80.86660870446678,40.0,81.0,125.0,160.0,419.0,Granite Peak
107,33.0,164.66666666666666,74.69591131157493,70.0,125.0,145.0,180.0,384.0,Great Divide
108,35.0,189.42857142857142,84.96064338486231,83.0,141.0,160.0,223.5,500.0,Greek Peak
109,36.0,159.77777777777777,42.79927309870786,85.0,144.0,150.0,185.0,300.0,Gunstock
110,34.0,262.05882352941177,128.4114932023328,112.0,196.75,234.5,256.75,725.0,Heavenly Mountain
111,35.0,140.02857142857144,45.25254995368686,51.0,101.0,143.0,165.0,272.0,Hidden Valley
112,35.0,123.48571428571428,65.58441862505572,60.0,82.5,107.0,142.5,373.0,Hilltop
113,33.0,139.57575757575756,75.71328743318041,60.0,85.0,115.0,165.0,351.0,Hogadon
114,30.0,205.23333333333332,79.59062643359427,107.0,135.5,187.0,271.25,356.0,Holiday Mountain
115,33.0,213.36363636363637,95.8931104739211,95.0,145.0,195.0,239.0,505.0,Holiday Valley
116,33.0,213.36363636363637,95.8931104739211,95.0,145.0,195.0,239.0,505.0,Holimont
117,36.0,209.38888888888889,131.74093143694185,88.0,148.0,165.5,233.25,850.0,Hoodoo
118,36.0,280.05555555555554,93.5533291594981,164.0,200.0,266.0,347.5,549.0,Howelsen Hill
119,35.0,206.8,133.63510458135838,70.0,126.5,168.0,278.0,800.0,Hunt Hollow
120,33.0,247.54545454545453,96.06446107597847,100.0,179.0,219.0,319.0,500.0,Hunter Mountain
121,34.0,123.94117647058823,52.878328709016735,50.0,96.0,107.0,146.25,285.0,Hyland Ski Snowboard Area
122,36.0,236.58333333333334,137.97688729845817,94.0,141.0,191.5,282.75,550.0,Jay Peak
123,35.0,234.45714285714286,123.51859656537144,75.0,159.5,190.0,285.5,564.0,Jiminy Peak
124,29.0,199.55172413793105,98.80919065368094,104.0,143.0,176.0,234.0,612.0,Jack Frost
125,35.0,211.11428571428573,142.09768210813363,75.0,114.0,159.0,271.0,750.0,Snowriver Mountain Resort
126,36.0,401.80555555555554,264.77093274261966,125.0,219.75,341.0,478.0,1411.0,Jackson Hole
127,35.0,318.9714285714286,89.89388702447874,145.0,271.5,307.0,349.0,557.0,June Mountain
128,35.0,118.37142857142857,62.343019664115864,32.0,82.5,100.0,150.0,381.0,Kelly Canyon
129,36.0,255.19444444444446,93.1759685278941,93.0,184.75,243.5,302.5,482.0,Keystone
130,35.0,263.0857142857143,87.71959718952452,95.0,201.5,259.0,312.0,469.0,Killington
131,36.0,199.77777777777777,97.46856229021044,80.0,137.25,174.5,224.25,492.0,King Pine
132,32.0,353.90625,263.6874199569414,65.0,149.75,282.5,504.75,1179.0,Kirkwood
133,35.0,158.14285714285714,64.42649384565092,64.0,99.5,154.0,198.0,300.0,Kissing Bridge
134,34.0,165.73529411764707,64.75843636325621,83.0,114.75,159.0,199.5,351.0,Labrador Mt.
135,33.0,149.57575757575756,57.18775562949987,68.0,107.0,133.0,193.0,301.0,Lee Canyon
136,36.0,188.91666666666666,93.43397210253421,71.0,119.0,171.5,244.25,439.0,Liberty
137,35.0,171.62857142857143,90.35944096456424,65.0,116.5,141.0,191.5,500.0,Little Switzerland
138,35.0,155.62857142857143,91.4555776816025,65.0,96.5,123.0,170.0,425.0,Lookout Pass
139,32.0,166.40625,75.13637466891184,89.0,125.5,152.0,187.75,500.0,Loon Mountain
140,34.0,222.2058823529412,212.38198568413765,75.0,129.5,150.5,207.5,1200.0,Lost Trail Powder Mountain
141,34.0,167.7058823529412,81.97358384990777,60.0,114.0,143.5,187.25,400.0,Lost Valley
142,36.0,221.08333333333334,72.2576244123365,100.0,164.75,225.0,271.0,434.0,Loveland
143,34.0,331.05882352941177,136.72510380575758,142.0,210.0,316.0,424.75,653.0,Lutsen Mountains
144,32.0,148.875,63.73673169956187,70.0,105.5,137.5,161.0,371.0,Mad River Mountain
145,35.0,235.25714285714287,99.94714569597828,90.0,148.5,200.0,309.0,440.0,Mad River Glen
146,36.0,257.3333333333333,157.54364474646383,100.0,166.5,229.5,303.0,953.0,Magic Mountain Vermont
147,35.0,122.57142857142857,50.819337284313406,50.0,87.5,103.0,151.5,250.0,Magic Mountain Idaho
148,36.0,285.6111111111111,92.14562318968748,145.0,228.75,271.0,335.0,578.0,Mammoth Mountain
149,33.0,133.0,67.18723837158363,63.0,90.0,117.0,150.0,410.0,Maple Ski Ridge
150,35.0,166.8,68.63321096276076,86.0,114.5,152.0,192.5,375.0,Marquette Mountain
151,34.0,142.85294117647058,56.11737285851761,58.0,97.0,125.0,167.0,333.0,Massanutten
152,36.0,171.83333333333334,61.104360377495624,39.0,130.25,171.0,199.25,299.0,Maverick Mountain
153,36.0,234.55555555555554,86.09146114766367,97.0,172.5,232.5,256.25,476.0,McCauley Mountain Ski Center
154,36.0,158.02777777777777,82.29753897070628,65.0,112.5,133.0,175.5,450.0,Meadowlark
155,34.0,215.52941176470588,84.93678051640514,85.0,149.25,210.5,277.5,440.0,Mohawk Mountain
156,35.0,271.0285714285714,133.34772891475387,90.0,167.5,260.0,337.0,577.0,Monarch Mountain
157,36.0,170.02777777777777,76.61722525874457,88.0,129.75,159.5,196.5,525.0,Mont Ripley
158,33.0,145.3030303030303,66.49928798889732,75.0,101.0,122.0,151.0,341.0,Sno Mountain
159,36.0,137.97222222222223,54.99739532071944,69.0,99.75,130.5,173.25,298.0,Montana Snowbowl
160,35.0,174.54285714285714,83.03554974231461,45.0,109.0,157.0,244.5,345.0,Mount Holly
161,36.0,157.61111111111111,68.30113062347098,56.0,104.0,148.5,205.0,310.0,Mount Kato
162,35.0,266.22857142857146,133.9042866498055,130.0,167.0,216.0,311.0,700.0,Mt. Peter
163,35.0,127.17142857142858,52.95974370955275,51.0,90.5,110.0,164.0,250.0,Mount Pleasant
164,34.0,233.2941176470588,102.41878657325155,103.0,144.0,213.0,325.75,434.0,Mt. Snow
165,35.0,161.05714285714285,84.72166986395993,74.0,113.5,140.0,178.0,499.0,Mt. Southington
166,34.0,217.08823529411765,160.67666905499883,72.0,120.0,192.5,245.0,890.0,Mt. Sunapee
167,35.0,187.05714285714285,138.00979139542383,81.0,106.0,131.0,195.0,672.0,Mountain Creek
168,35.0,235.45714285714286,145.49900805344967,82.0,147.5,218.0,282.0,914.0,Mountain High
169,33.0,298.0,143.16402306445568,100.0,163.0,293.0,357.0,654.0,Mt. Abram Ski
170,35.0,178.77142857142857,88.65169309762578,99.0,137.0,163.0,192.0,603.0,Mt. Ashland
171,35.0,160.62857142857143,62.442013436602174,65.0,110.5,138.0,205.0,289.0,Mt. Baker
172,29.0,183.55172413793105,90.20199008213912,76.0,127.0,161.0,215.0,483.0,Mt. Baldy
173,36.0,158.83333333333334,54.82830343119197,87.0,122.75,151.0,190.25,340.0,Mt. Bhelor
174,35.0,212.68571428571428,105.65531400810494,80.0,138.0,178.0,251.0,600.0,Mt. Bohea
175,35.0,173.22857142857143,63.027578330855306,90.0,120.0,159.0,239.0,294.0,Mt. Brighton
176,35.0,201.42857142857142,81.83134942000626,88.0,152.0,185.0,257.5,350.0,Mt. Crescent
177,32.0,153.90625,47.85890511061757,89.0,116.5,150.0,175.75,285.0,Mt. Holiday
178,34.0,214.76470588235293,110.8641152488526,70.0,153.0,182.5,238.75,699.0,Mt. Hood Meadows
179,36.0,274.3611111111111,178.14651318151064,125.0,178.75,256.5,305.5,1169.0,Mt. Hood Skibowl
180,33.0,178.4848484848485,67.71083794901357,86.0,129.0,163.0,210.0,350.0,Mt. Jefferson
181,34.0,155.8235294117647,51.39064328716664,73.0,110.25,149.0,199.75,249.0,Mt. La Crosse
182,34.0,134.2941176470588,45.64057831132073,69.0,102.5,120.5,161.0,256.0,Mt. Rose Ski Tahoe
183,32.0,181.71875,86.65029247200422,99.0,112.25,172.0,204.0,542.0,Mt. Shasta
184,32.0,145.71875,72.75067203990672,70.0,94.0,127.5,168.75,390.0,Mt. Spokane
185,34.0,195.85294117647058,84.62542506153171,65.0,144.5,190.0,243.0,500.0,Mulligan's Hollow
186,36.0,190.69444444444446,84.8675672342148,85.0,125.0,171.0,223.75,390.0,Nashoba Valley
187,33.0,204.6060606060606,100.02091637313274,72.0,122.0,198.0,240.0,490.0,New Hermon Mountain
188,32.0,211.03125,109.94822370171012,76.0,129.25,194.5,250.0,500.0,Nordic Mountain
189,34.0,186.2058823529412,99.34353600596044,66.0,125.0,136.5,208.5,491.0,Nordic Valley
190,34.0,278.55882352941177,94.65925851609232,125.0,222.0,251.0,317.75,539.0,Northstar California
191,35.0,146.0,48.79428606856725,82.0,114.5,130.0,165.5,276.0,Norway Mountain
192,35.0,208.17142857142858,61.47763137649226,115.0,163.5,200.0,255.0,310.0,Nubs Nob
193,36.0,221.05555555555554,95.52230687703847,109.0,150.0,195.0,250.0,429.0,Oak Mountain
194,35.0,180.17142857142858,81.28580142069734,84.0,134.0,164.0,199.0,470.0,Ober Gatlinburg Ski
195,35.0,257.37142857142857,108.22555034694516,85.0,198.0,233.0,302.5,600.0,Okemo Mountain
196,35.0,139.77142857142857,60.797196972096216,78.0,98.5,125.0,156.5,350.0,Omni Homestead
197,36.0,271.0833333333333,118.64818943895796,103.0,180.5,262.5,325.0,635.0,Otis Ridge
198,35.0,159.82857142857142,78.40786489447933,81.0,96.0,150.0,178.0,397.0,Pajarito Mountain
199,34.0,374.38235294117646,187.04950158388752,125.0,248.25,333.5,462.25,950.0,Palisades Tahoe
200,36.0,149.94444444444446,47.145940255123584,83.0,110.0,148.5,167.25,293.0,Paoli Peaks
201,33.0,229.06060606060606,83.75706663990336,103.0,153.0,230.0,286.0,405.0,Park City Mountain
202,32.0,202.59375,96.40066235048856,40.0,139.75,169.0,255.0,495.0,Pats Peak
203,35.0,132.25714285714287,92.04038207641855,45.0,80.0,105.0,144.5,498.0,Pebble Creek
204,36.0,183.19444444444446,79.12479092978724,75.0,120.75,170.0,225.0,450.0,Peekn Peak
205,34.0,145.1764705882353,69.41202000013476,43.0,105.5,133.5,168.25,382.0,Perfect North Slopes
206,35.0,245.65714285714284,83.76224857126441,95.0,196.0,230.0,306.5,433.0,Pico Mountain
207,35.0,188.57142857142858,92.0189512815593,58.0,130.0,160.0,238.5,500.0,Pine Knob
208,36.0,142.19444444444446,47.53093395400182,82.0,111.0,129.0,151.5,276.0,Pine Mountain
209,35.0,258.74285714285713,140.79362094029327,103.0,168.5,220.0,288.5,685.0,Plattekill Mountain
210,34.0,233.38235294117646,123.21255708976635,96.0,148.5,199.0,292.0,666.0,Pleasant
211,36.0,166.86111111111111,102.86194708797886,75.0,95.0,128.0,202.5,475.0,Pomerelle Mountain
212,34.0,211.38235294117646,140.96142062063228,66.0,125.5,164.5,237.0,767.0,Powder Mountain
213,36.0,168.11111111111111,190.80278191709257,54.0,93.0,111.0,145.0,979.0,Powder Ridge
214,30.0,119.06666666666666,47.4471999343396,65.0,99.0,109.5,129.75,329.0,Powderhorn
215,35.0,176.62857142857143,77.82978626626249,75.0,137.0,153.0,186.5,447.0,Purgatory Mountain
216,7.0,112.0,64.29878174066235,50.0,57.0,127.0,131.5,230.0,Ragged Mountain
217,36.0,201.47222222222223,81.88440846221184,79.0,149.25,186.5,250.5,467.0,Red Lodge Mtn.
218,36.0,288.8333333333333,96.25130796884937,95.0,231.0,274.0,311.75,600.0,Red River
219,36.0,186.47222222222223,124.91722656248614,53.0,109.25,137.5,212.75,606.0,Roundtop Mountain
220,36.0,216.33333333333334,98.61874640684265,93.0,155.75,192.0,239.75,475.0,Royal Mountain
221,35.0,128.14285714285714,34.72509082454802,60.0,105.5,120.0,153.0,197.0,Sandia Peak
222,30.0,211.23333333333332,78.78240803689586,77.0,150.25,201.0,247.25,395.0,Sapphire Valley
223,34.0,281.29411764705884,152.940180306642,110.0,156.25,238.5,334.0,725.0,Saskadena Six
224,28.0,160.85714285714286,64.83466967243986,75.0,116.75,147.5,192.5,275.0,Shanty Creek
225,36.0,176.47222222222223,67.48184353105067,81.0,120.0,157.5,221.0,347.0,Schweitzer
226,33.0,114.9090909090909,60.052249976772124,35.0,75.0,100.0,160.0,300.0,Seven Oaks
227,35.0,244.25714285714287,133.83975116383263,92.0,152.5,225.0,256.0,799.0,Seven Springs
228,27.0,173.07407407407408,88.2151765793017,50.0,114.0,175.0,217.0,400.0,Showdown
229,34.0,276.05882352941177,252.5906907251299,65.0,132.5,239.0,323.25,1500.0,Sierra at Tahoe
230,34.0,133.94117647058823,40.004500638068805,62.0,103.25,126.0,153.5,249.0,Silver Mountain
231,36.0,237.36111111111111,92.71743641771495,55.0,160.75,227.5,304.75,400.0,Silverton Mountain
232,34.0,164.3235294117647,67.30740001111828,75.0,127.25,150.5,177.25,372.0,Sipapu Ski and Summer
233,30.0,141.36666666666667,42.573654904812,75.0,110.5,129.5,172.25,240.0,Ski Apache
234,36.0,212.25,101.92977274294577,81.0,143.25,181.5,284.25,500.0,Ski Brule
235,34.0,253.94117647058823,112.31987362303781,100.0,167.75,238.5,324.75,597.0,Ski Butternut
236,34.0,177.05882352941177,72.87263325393047,89.0,134.25,155.0,197.25,400.0,Ski Santa Fe
237,34.0,167.11764705882354,82.20475718221427,65.0,104.25,150.0,206.0,463.0,Ski Sawmill
238,34.0,114.52941176470588,73.74042733728847,39.0,70.5,96.5,125.0,450.0,Ski Snowstar Winter Sports Park
239,34.0,189.14705882352942,155.47856372814272,66.0,130.25,158.0,220.75,1000.0,Ski Sundown
240,35.0,150.05714285714285,74.55433977866032,65.0,101.0,129.0,159.5,390.0,Ski Ward
241,36.0,177.44444444444446,70.00956850702396,95.0,137.25,161.0,200.0,459.0,Sleeping Giant
242,35.0,232.37142857142857,98.87814417229919,77.0,176.0,207.0,274.0,545.0,Smugglers' Notch
243,35.0,143.02857142857144,56.543312765413695,62.0,99.0,140.0,182.5,275.0,Snow Creek
244,36.0,241.63888888888889,77.62663489063819,80.0,191.75,239.5,302.25,366.0,Snow King
245,35.0,188.62857142857143,98.19520945373998,60.0,126.0,175.0,215.0,602.0,Snow Ridge
246,35.0,155.94285714285715,63.86149666506824,70.0,100.0,149.0,199.0,328.0,Snow Snake
247,32.0,188.28125,78.71968822674623,46.0,134.75,178.5,224.75,406.0,Snow Sumt
248,32.0,146.25,53.61150574631435,59.0,107.5,145.5,169.0,310.0,Snow Trails
249,31.0,216.32258064516128,86.26369923931858,95.0,155.5,201.0,276.5,406.0,Snow Valley
250,33.0,221.0909090909091,195.5232344947084,66.0,119.0,159.0,254.0,1107.0,Snowbasin
251,31.0,307.80645161290323,228.52781294696402,60.0,160.0,249.0,385.0,957.0,Snowbird
252,34.0,208.64705882352942,70.90107592163125,95.0,166.75,193.0,256.25,400.0,Snowshoe Mountain
253,36.0,219.66666666666666,175.47030680838446,66.0,106.5,151.5,292.5,900.0,Snowy Range Ski Recreation Area
254,34.0,278.55882352941177,94.65925851609232,125.0,222.0,251.0,317.75,539.0,Soda Springs
255,36.0,187.30555555555554,68.61187712444314,95.0,138.75,170.5,225.25,355.0,Soldier Mountain
256,33.0,401.5151515151515,202.6215871415422,103.0,259.0,375.0,465.0,975.0,Solitude Mountain
257,35.0,225.74285714285713,143.34006107590332,44.0,140.5,188.0,254.0,704.0,Song Mountain
258,36.0,199.80555555555554,130.92545740544654,78.0,101.0,161.0,252.25,725.0,Spirit Mountain
259,35.0,193.5142857142857,93.06176678408158,75.0,120.0,175.0,249.0,495.0,Spout Springs
260,36.0,165.22222222222223,90.86571288323103,50.0,104.75,149.5,200.25,500.0,Spring Mountain
261,36.0,151.69444444444446,58.929410287439644,60.0,119.75,141.0,165.0,295.0,Mission Ridge
262,36.0,280.05555555555554,93.5533291594981,164.0,200.0,266.0,347.5,549.0,Steamboat
263,34.0,231.1764705882353,59.415063179469236,125.0,193.25,226.0,268.75,385.0,Stevens Pass
264,32.0,227.25,90.1987053765901,91.0,155.0,208.0,280.5,503.0,Stowe Mountain
265,34.0,375.2647058823529,203.67893760933762,101.0,224.25,310.5,519.75,925.0,Stratton Mountain
266,36.0,311.77777777777777,126.9315025878381,138.0,224.25,262.5,355.0,739.0,Sugar Bowl
267,33.0,164.0,75.10534268612321,85.0,129.0,145.0,199.0,459.0,Sugar Mountain
268,34.0,229.02941176470588,85.02387732157955,110.0,157.25,213.5,266.25,418.0,Sugarbush
269,36.0,226.66666666666666,90.16936445220341,80.0,162.25,214.0,278.5,453.0,Sugarloaf
270,33.0,249.0,124.88719910383129,99.0,170.0,232.0,291.0,644.0,The Summit at Snoqualmie
271,36.0,209.88888888888889,64.95879035545879,95.0,157.75,215.5,257.0,347.0,Sun Valley
272,36.0,167.83333333333334,87.88060081724521,58.0,105.75,136.0,206.5,475.0,Sunburst
273,36.0,522.5555555555555,355.256160653886,102.0,301.0,406.5,608.75,1550.0,Sundance
274,36.0,311.9166666666667,386.4923858056123,89.0,187.0,240.5,282.25,2452.0,Sunday River
275,36.0,118.36111111111111,66.9900430886253,67.0,78.5,93.0,139.75,410.0,Sundown Mountain
276,34.0,198.14705882352942,71.76313409634342,82.0,143.5,193.0,247.0,391.0,Sunlight Mountain
277,35.0,176.77142857142857,73.26426209851796,84.0,138.5,154.0,199.0,464.0,Sunrise Park
278,36.0,167.02777777777777,56.10983418317588,75.0,125.75,159.0,196.25,295.0,Swain
279,35.0,179.74285714285713,93.92936734813115,59.0,111.0,136.0,274.5,350.0,Swiss Valley
280,34.0,278.55882352941177,94.65925851609232,125.0,222.0,251.0,317.75,539.0,Tahoe Donner
281,34.0,298.0,164.22157980219066,101.0,154.25,267.5,397.75,840.0,Tamarack
282,36.0,207.08333333333334,90.96792998477146,81.0,155.75,178.0,231.5,491.0,Taos Ski Valley
283,36.0,471.52777777777777,264.9571918104196,65.0,325.0,400.0,554.75,1456.0,Telluride
284,35.0,153.45714285714286,63.85845692630228,71.0,110.5,147.0,190.0,359.0,Terry Peak
285,36.0,119.63888888888889,35.46277950413264,74.0,95.75,114.5,146.25,251.0,Teton Pass
286,35.0,208.17142857142858,61.477631376492255,115.0,163.5,200.0,255.0,310.0,Boyne Highlands
287,33.0,242.57575757575756,81.16843225010197,99.0,184.0,240.0,295.0,475.0,The Homestead
288,29.0,278.0,142.70849409097653,95.0,162.0,250.0,350.0,695.0,Thunder Ridge
289,34.0,201.44117647058823,171.27546325649067,72.0,124.25,155.0,206.0,1039.0,Timber Ridge
290,33.0,146.75757575757575,50.35004363393734,68.0,109.0,130.0,174.0,264.0,Timberline
291,36.0,276.1388888888889,188.0972624966407,127.0,173.75,220.5,301.0,1169.0,Timberline Lodge
292,35.0,229.22857142857143,139.08526494337835,87.0,124.0,185.0,349.0,642.0,Titus Mountain
293,35.0,190.85714285714286,76.58603115495167,87.0,131.0,159.0,239.5,351.0,Toggenburg Mountain
294,36.0,167.72222222222223,59.89496096673199,70.0,127.25,150.0,192.25,303.0,Treetops
295,35.0,214.9142857142857,86.94060563144834,72.0,151.0,200.0,269.0,445.0,Trollhaugen
296,35.0,204.71428571428572,154.62489173110887,78.0,132.5,170.0,204.0,900.0,Tussey Mountain
297,36.0,160.22222222222223,105.34870291726048,68.0,100.0,136.5,179.25,651.0,Tyrol Basin
298,36.0,338.8611111111111,126.96639662924939,164.0,249.75,311.5,399.0,717.0,Vail
299,36.0,155.22222222222223,107.73038067618123,52.0,92.75,120.5,186.0,600.0,Villa Olivia
300,35.0,243.77142857142857,141.99815361564424,89.0,145.0,192.0,310.0,645.0,Waterville Valley
301,34.0,134.05882352941177,39.49755740546772,67.0,105.25,130.0,156.5,223.0,Welch Village
302,33.0,173.54545454545453,74.42281694358378,60.0,114.0,160.0,232.0,331.0,West Mountain
303,35.0,142.9142857142857,54.73377891779307,50.0,99.0,137.0,190.5,246.0,Whalebk
304,34.0,218.64705882352942,64.45993933417974,132.0,175.0,201.0,268.0,391.0,White Pass
305,36.0,160.55555555555554,72.7455229626615,73.0,109.75,131.0,183.0,427.0,White Pine
306,36.0,210.33333333333334,123.47214839214318,75.0,119.75,166.0,261.0,470.0,Whitecap Mountain
307,35.0,124.2,41.40318260003408,55.0,95.5,110.0,153.5,226.0,Whiteface Mountain
308,35.0,240.05714285714285,120.52994327921489,88.0,135.5,219.0,318.5,509.0,Whitefish Mountain
309,34.0,181.8235294117647,98.34616369965075,70.0,106.25,177.0,216.25,495.0,Whitetail
310,35.0,159.94285714285715,86.72605377486826,59.0,102.0,141.0,191.0,520.0,Whusett
311,35.0,213.42857142857142,95.68892176160811,97.0,150.0,189.0,269.0,539.0,Wild Mountain Ski Snowboard Area
312,36.0,116.08333333333333,34.8985263708533,59.0,96.75,100.5,129.25,257.0,Wildcat Mountain
313,36.0,140.33333333333334,52.073574323807875,66.0,105.75,132.0,162.75,305.0,Willamette Pass
314,34.0,237.11764705882354,228.50605252986352,59.0,105.5,167.5,257.25,995.0,Willard Mountain
315,34.0,200.55882352941177,98.19035044130405,65.0,148.5,183.5,223.75,506.0,Wilmot Mountain
316,32.0,348.5,257.17773444988234,90.0,220.75,297.5,379.5,1555.0,Windham Mountain
317,35.0,218.57142857142858,87.6293281936126,83.0,161.5,215.0,257.5,475.0,Winter Park
318,34.0,153.05882352941177,36.016781590665936,86.0,126.0,150.0,168.25,243.0,Wintergreen
319,30.0,221.4,188.00909735875862,72.0,99.25,160.5,264.75,780.0,Winterplace Ski
320,35.0,222.17142857142858,104.07985783388969,95.0,160.5,202.0,257.0,661.0,Wisp
321,35.0,176.6,64.46485590660096,68.0,129.5,159.0,199.0,320.0,Wolf Creek
322,36.0,165.80555555555554,69.87409879590349,59.0,118.0,147.5,207.75,326.0,Wolf Ridge Ski
323,35.0,189.94285714285715,66.6253541463462,121.0,140.0,168.0,218.0,352.0,Woodbury
324,35.0,152.94285714285715,103.69268590042259,42.0,108.5,131.0,173.5,672.0,Woods Valley
325,36.0,188.0,80.835282254365,86.0,141.25,160.0,225.25,432.0,Yawgoo Valley
326,35.0,212.4857142857143,111.56701268442986,71.0,144.5,183.0,263.0,507.0,Badger Pass
327,36.0,160.97222222222223,54.32835939839004,87.0,125.0,152.5,190.25,340.0,Mt. Bachelor
328,35.0,212.6,105.68549346722929,80.0,138.0,178.0,251.0,600.0,Mt. Bohemia
329,34.0,163.2941176470588,51.186841000613654,48.0,133.25,156.0,199.25,296.0,Shawnee Mountain
330,35.0,160.6,80.73857595386993,59.0,109.5,140.0,191.0,450.0,Wachusett Mountain
