,Magic Mountain,Cannonsburg,Cascade Mountain,Cataloochee,Catamount Ski Ride Area,Chestnut Mountain,Ski China Peak,Christie Mountain,Christmas Mountain,Coffee ll,Ski Cooper,Cooper Spur,Copper Mountain,Cranmore Mountain,Crested Butte Mountain,Crotched Mountain,Crystal Mountain,Crystal Mountain ,Dartmouth Skiway,Ski Mystic at Deer Mountain,Deer Valley,Devils Head,Diamond Peak,Discovery,Dodge Ridge,Donner Ski Ranch,Dry Hill,Eagle Point,Eagle Rock,Eaglecrest,Eldora Mountain,Elk Mountain Ski,Elko SnoBowl,Elm Creek,Enchanted Forest,Four Lakes,Giants Ridge,Gore Mountain,Granby Ranch,Grand Geneva,Grand Targhee,Granite Peak,Great Divide,Greek Peak,Gunstock,Heavenly Mountain,Hidden Valley,Hilltop,Hogadon,Holiday Mountain,Holiday Valley,Holimont,Hoodoo,Howelsen Hill,Hunt Hollow,Hunter Mountain,Hyland Ski Snowboard Area,Jay Peak,Jiminy Peak,Jack Frost,Snowriver Mountain Resort,Jackson Hole,June Mountain,Kelly Canyon,Keystone,Killington,King Pine,Kirkwood,Kissing Bridge,Labrador Mt.,Lee Canyon,Liberty,Little Switzerland,Lookout Pass,Loon Mountain,Lost Trail Powder Mountain,Lost Valley,Loveland,Lutsen Mountains,Mad River Mountain,Mad River Glen,Magic Mountain Vermont,Magic Mountain Idaho,Mammoth Mountain,Maple Ski Ridge,Marquette Mountain,Massanutten,Maverick Mountain,McCauley Mountain Ski Center,Meadowlark,Mohawk Mountain,Monarch Mountain,Mont Ripley,Sno Mountain,Montana Snowbowl,Mount Holly,Mount Kato,Mt. Peter,Mount Pleasant,Mt. Snow,Mt. Southington,Mt. Sunapee,Mountain Creek,Mountain High,Mt. Abram Ski,Mt. Ashland,Mt. Baker,Mt. Baldy,Mt. Bhelor,Mt. Bohea,Mt. Brighton,Mt. Crescent,Mt. Holiday,Mt. Hood Meadows,Mt. Hood Skibowl,Mt. Jefferson,Mt. La Crosse,Mt. Rose Ski Tahoe,Mt. Shasta,Mt. Spokane,Mulligan's Hollow,Nashoba Valley,New Hermon Mountain,Nordic Mountain,Nordic Valley,Northstar California,Norway Mountain,Nubs Nob,Oak Mountain,Ober Gatlinburg Ski,Okemo Mountain,Omni Homestead,Otis Ridge,Pajarito Mountain,Palisades Tahoe,Paoli Peaks,Park City Mountain,Pats Peak,Pebble Creek,Peekn Peak,Perfect North Slopes,Pico Mountain,Pine Knob,Pine Mountain,Plattekill Mountain,Pleasant,Pomerelle Mountain,Powder Mountain,Powder Ridge,Powderhorn,Purgatory Mountain,Ragged Mountain,Red Lodge Mtn.,Red River,Roundtop Mountain,Royal Mountain,Sandia Peak,Sapphire Valley,Saskadena Six,Shanty Creek,Schweitzer,Seven Oaks,Seven Springs,Showdown,Sierra at Tahoe,Silver Mountain,Silverton Mountain,Sipapu Ski and Summer,Ski Apache,Ski Brule,Ski Butternut,Ski Santa Fe,Ski Sawmill,Ski Snowstar Winter Sports Park,Ski Sundown,Ski Ward,Sleeping Giant,Smugglers' Notch,Snow Creek,Snow King,Snow Ridge,Snow Snake,Snow Sumt,Snow Trails,Snow Valley,Snowbasin,Snowbird,Snowshoe Mountain,Snowy Range Ski Recreation Area,Soda Springs,Soldier Mountain,Solitude Mountain,Song Mountain,Spirit Mountain,Spout Springs,Spring Mountain,Mission Ridge,Steamboat,Stevens Pass,Stowe Mountain,Stratton Mountain,Sugar Bowl,Sugar Mountain,Sugarbush,Sugarloaf,The Summit at Snoqualmie,Sun Valley,Sunburst,Sundance,Sunday River,Sundown Mountain,Sunlight Mountain,Sunrise Park,Swain,Swiss Valley,Tahoe Donner,Tamarack,Taos Ski Valley,Telluride,Terry Peak,Teton Pass,Boyne Highlands,The Homestead,Thunder Ridge,Timber Ridge,Timberline,Timberline Lodge,Titus Mountain,Toggenburg Mountain,Treetops,Trollhaugen,Tussey Mountain,Tyrol Basin,Vail,Villa Olivia,Waterville Valley,Welch Village,West Mountain,Whalebk,White Pass,White Pine,Whitecap Mountain,Whiteface Mountain,Whitefish Mountain,Whitetail,Whusett,Wild Mountain Ski Snowboard Area,Wildcat Mountain,Willamette Pass,Willard Mountain,Wilmot Mountain,Windham Mountain,Winter Park,Wintergreen,Winterplace Ski,Wisp,Wolf Creek,Wolf Ridge Ski,Woodbury,Woods Valley,Yawgoo Valley,Badger Pass,Mt. Bachelor,Mt. Bohemia,Shawnee Mountain,Wachusett Mountain
0,$585,$170,$319,$195,$375,$257,$163,$150,$122,$175,$307,$163,$228,$245,$229,$129,$333,$206,$276,$186,$143,$101,$160,$155,$207,$176,$135,$185,$190,$299,$601,$253,$110,$169,$150,$240,$175,$213,$102,$215,$155,$336,$224,$126,$147,$468,$178,$116,$209,$321,$239,$239,$179,$205,$320,$246,$103,$300,$191,$245,$118,$302,$159,$150,$179,$216,$423,$243,$189,$120,$267,$280,$297,$130,$165,$176,$174,$200,$369,$157,$154,$476,$91,$307,$192,$151,$155,$225,$300,$173,$319,$306,$159,$152,$267,$215,$182,$400,$150,$149,$213,$330,$317,$270,$353,$247,$287,$196,$339,$229,$250,$99,$120,$188,$177,$315,$203,$155,$240,$283,$131,$304,$245,$355,$109,$238,$146,$285,$176,$175,$205,$117,$333,$135,$175,$154,$143,$226,$130,$196,$139,$216,$178,$229,$260,$233,$200,$109,$260,$277,$283,$229,$254,$150,$184,$210,$153,$395,$626,$243,$587,$119,$178,$196,$441,$187,$399,$151,$269,$178,$420,$299,$235,$120,$243,$185,$173,$356,$160,$262,$175,$80,$149,$150,$176,$241,$366,$286,$331,$238,$355,$309,$111,$453,$126,$89,$140,$205,$314,$349,$404,$176,$202,$304,$275,$280,$218,$136,$845,$184,$175,$243,$211,$195,$157,$238,$219,$238,$284,$150,$96,$202,$519,$350,$315,$294,$270,$148,$113,$159,$395,$203,$270,$185,$109,$179,$170,$277,$225,$219,$165,$211,$201,$215,$200,$305,$321,$98,$264,$837,$175,$143,$266,$107,$311,$195,$197,$209,$233,$225,$380,$559,$218,$229,$145,$305
1,$476,$219,$250,$169,$285,$199,$185,$222,$252,$220,$207,$188,$193,$324,$164,$250,$520,$308,$197,$350,$381,$97,$236,$143,$242,$238,$110,$385,$219,$230,$252,$225,$88,$237,$315,$101,$397,$136,$282,$300,$403,$150,$306,$214,$349,$175,$179,$372,$299,$276,$238,$238,$188,$245,$301,$302,$150,$224,$325,$289,$98,$255,$297,$97,$247,$239,$235,$193,$230,$111,$139,$133,$251,$153,$227,$124,$322,$258,$458,$205,$340,$585,$85,$164,$118,$267,$167,$299,$470,$175,$191,$177,$141,$175,$359,$255,$220,$295,$217,$226,$167,$150,$248,$229,$368,$185,$374,$483,$309,$600,$228,$200,$100,$163,$270,$200,$135,$115,$200,$157,$315,$206,$450,$252,$199,$320,$199,$228,$164,$215,$345,$150,$200,$301,$275,$159,$381,$177,$209,$220,$110,$239,$145,$146,$329,$643,$175,$199,$143,$134,$185,$56,$219,$315,$225,$203,$125,$395,$305,$275,$251,$390,$200,$280,$219,$180,$200,$157,$246,$300,$270,$138,$116,$180,$140,$173,$216,$199,$168,$255,$378,$179,$234,$92,$223,$178,$559,$283,$202,$320,$156,$449,$576,$150,$278,$178,$179,$246,$180,$344,$850,$238,$172,$174,$229,$233,$225,$230,$425,$318,$177,$543,$199,$160,$202,$175,$176,$350,$371,$215,$101,$285,$399,$250,$270,$152,$177,$226,$327,$125,$241,$147,$255,$650,$95,$200,$136,$109,$224,$244,$171,$225,$90,$158,$285,$153,$266,$117,$235,$210,$194,$418,$277,$185,$197,$119,$337,$153,$353,$273,$338,$159,$309,$600,$159,$153
2,$250,$280,$220,$145,$478,$248,$327,$100,$126,$345,$147,$235,$253,$284,$320,$295,$468,$165,$299,$210,$449,$210,$457,$183,$267,$238,$405,$303,$39,$189,$160,$381,$125,$303,$296,$300,$434,$311,$100,$218,$159,$216,$300,$299,$124,$258,$157,$134,$240,$307,$162,$162,$196,$231,$347,$211,$160,$268,$314,$149,$249,$438,$422,$115,$225,$208,$225,$630,$179,$113,$210,$300,$200,$210,$89,$600,$289,$250,$590,$237,$309,$250,$65,$187,$175,$135,$135,$199,$215,$300,$239,$365,$339,$301,$273,$270,$125,$353,$118,$144,$157,$170,$235,$215,$350,$344,$249,$264,$218,$440,$213,$350,$318,$235,$268,$359,$329,$250,$180,$224,$150,$326,$311,$325,$175,$306,$229,$202,$310,$183,$205,$350,$265,$230,$390,$201,$449,$283,$414,$198,$137,$208,$132,$158,$218,$239,$210,$175,$249,$126,$155,$58,$177,$296,$205,$235,$101,$185,$531,$234,$248,$70,$240,$98,$300,$231,$278,$233,$200,$185,$240,$250,$216,$85,$171,$254,$178,$243,$195,$416,$175,$140,$286,$101,$480,$243,$300,$211,$401,$306,$167,$187,$274,$229,$375,$301,$295,$231,$159,$470,$418,$238,$185,$303,$320,$134,$364,$250,$468,$221,$111,$320,$170,$110,$188,$320,$244,$243,$337,$329,$90,$228,$120,$151,$202,$168,$268,$220,$316,$155,$321,$167,$300,$259,$650,$245,$127,$148,$236,$241,$110,$300,$209,$350,$221,$250,$395,$162,$189,$99,$391,$498,$116,$193,$151,$157,$275,$261,$136,$150,$222,$179,$339,$345,$136,$250
3,$255,$299,$122,$153,$152,$324,$238,$117,$176,$188,$298,$300,$226,$179,$189,$177,$321,$223,$406,$181,$245,$199,$293,$122,$273,$239,$231,$171,$297,$190,$170,$266,$157,$172,$158,$225,$164,$150,$168,$92,$159,$160,$215,$158,$203,$281,$203,$160,$98,$199,$192,$192,$216,$130,$128,$302,$253,$350,$200,$265,$219,$599,$413,$298,$250,$279,$263,$413,$238,$357,$123,$299,$200,$131,$122,$175,$207,$185,$321,$193,$145,$502,$155,$151,$89,$375,$489,$199,$305,$229,$300,$466,$181,$164,$235,$225,$354,$272,$135,$418,$175,$550,$416,$285,$661,$385,$343,$365,$257,$540,$93,$188,$149,$300,$259,$300,$226,$162,$546,$123,$127,$138,$203,$336,$215,$148,$292,$280,$325,$248,$344,$98,$307,$382,$450,$160,$245,$307,$140,$199,$185,$279,$157,$276,$320,$272,$200,$215,$135,$147,$309,$155,$221,$158,$300,$219,$210,$225,$296,$132,$331,$160,$287,$85,$495,$254,$232,$153,$141,$334,$377,$317,$187,$115,$131,$275,$300,$305,$450,$199,$235,$95,$90,$298,$219,$358,$173,$198,$291,$148,$379,$400,$257,$319,$145,$250,$262,$168,$242,$177,$408,$239,$247,$224,$258,$172,$158,$200,$303,$172,$159,$203,$170,$183,$250,$413,$129,$224,$599,$78,$150,$241,$174,$661,$174,$341,$306,$284,$199,$127,$266,$402,$178,$365,$408,$319,$154,$201,$246,$287,$109,$235,$126,$177,$250,$300,$335,$200,$235,$349,$215,$500,$185,$287,$150,$224,$157,$295,$315,$140,$215,$259,$232,$440,$221,$300
4,$502,$143,$203,$324,$160,$305,$242,$235,$200,$205,$330,$245,$249,$160,$252,$152,$167,$233,$244,$186,$81,$440,$239,$127,$152,$300,$110,$180,$43,$470,$250,$320,$146,$197,$300,$465,$200,$218,$103,$220,$323,$80,$178,$346,$125,$250,$162,$118,$214,$316,$303,$303,$850,$348,$275,$189,$220,$326,$344,$190,$182,$399,$547,$150,$156,$270,$245,$401,$299,$576,$139,$238,$173,$159,$197,$120,$400,$203,$325,$251,$329,$255,$240,$247,$89,$164,$139,$175,$465,$128,$201,$577,$137,$369,$230,$132,$295,$321,$185,$160,$199,$249,$629,$207,$315,$360,$218,$334,$232,$312,$248,$225,$153,$245,$259,$281,$149,$210,$293,$200,$254,$180,$240,$250,$275,$175,$267,$270,$429,$211,$211,$117,$415,$299,$431,$195,$81,$330,$154,$225,$344,$270,$124,$168,$226,$386,$110,$275,$219,$212,$290,$156,$209,$300,$366,$475,$125,$245,$317,$253,$142,$213,$253,$199,$435,$160,$200,$231,$199,$197,$363,$400,$172,$205,$190,$145,$95,$167,$150,$302,$199,$161,$214,$226,$203,$109,$254,$104,$270,$175,$126,$270,$226,$204,$158,$92,$295,$130,$150,$266,$244,$144,$199,$239,$452,$411,$197,$895,$450,$175,$291,$329,$145,$255,$250,$148,$495,$234,$229,$350,$96,$280,$375,$170,$375,$272,$128,$405,$299,$95,$445,$200,$450,$455,$175,$175,$106,$270,$261,$244,$150,$454,$215,$131,$453,$152,$205,$162,$106,$515,$140,$295,$108,$131,$325,$546,$211,$283,$389,$643,$342,$164,$257,$540,$189,$152
5,$265,$227,$133,$192,$296,$284,$350,$230,$176,$495,$156,$311,$259,$226,$268,$250,$263,$170,$311,$203,$300,$155,$370,$190,$345,$144,$129,$175,$184,$495,$262,$271,$107,$158,$306,$275,$293,$256,$280,$169,$316,$225,$128,$161,$550,$600,$217,$128,$150,$356,$503,$503,$196,$168,$265,$319,$253,$398,$249,$280,$375,$595,$457,$115,$185,$369,$129,$300,$200,$175,$416,$300,$136,$152,$213,$195,$99,$169,$256,$135,$350,$300,$250,$232,$402,$150,$197,$229,$371,$450,$299,$353,$300,$193,$366,$257,$249,$299,$231,$204,$181,$250,$228,$350,$195,$284,$208,$239,$205,$252,$165,$262,$175,$177,$306,$234,$199,$350,$225,$165,$175,$177,$189,$274,$250,$413,$158,$199,$250,$319,$186,$280,$324,$250,$206,$293,$250,$165,$215,$245,$245,$369,$299,$267,$374,$158,$353,$250,$280,$120,$375,,$467,$306,$167,$196,$85,$200,$300,$220,$238,$142,$239,$350,$205,$255,$350,$258,$157,$354,$635,$333,$175,$113,$296,$232,$153,$325,$114,$310,$150,$97,$390,$120,$216,$186,$600,$87,$340,$413,$135,$254,$400,$440,$300,$180,$170,$348,$226,$421,$401,$300,$264,$227,$440,$613,$175,$136,$401,$244,$409,$267,$247,$175,$325,$306,$107,$203,$264,$99,$86,$279,$376,$338,$180,$296,$188,$195,$111,$225,$227,$247,$150,$219,$122,$199,$112,$183,$393,$264,$245,$129,$111,$142,$147,$234,$468,$131,$260,$256,$496,$208,$258,$244,$161,$174,$163,$242,$207,$189,$175,$307,$160,$312,$185,$234
6,$264,$189,$275,$129,$255,$437,$694,$159,$210,$147,$130,$177,$271,$234,$339,$200,$174,$254,$225,$225,$250,$129,$234,$150,$229,$320,$93,$425,$195,$275,$206,$285,$498,$521,$168,$258,$245,$234,$81,$195,$222,$249,$150,$221,$169,$427,$272,$140,$260,$310,$290,$290,$286,$175,$214,$475,$150,$288,$152,$335,$260,$297,$517,$162,$240,$200,$171,$490,$225,$226,$308,$232,$895,$150,$490,$350,$120,$154,$328,$107,$167,$264,$139,$112,$128,$160,$180,$352,$241,$120,$280,$450,$200,$136,$429,$305,$225,$381,$233,$350,$171,$300,$398,$218,$300,$351,$389,$268,$205,$304,$269,$331,$213,$311,$128,$270,$410,$191,$329,$239,$212,$190,$450,$250,$153,$315,$150,$241,$195,$183,$183,$153,$200,$279,$810,$475,$300,$150,$113,$225,$380,$200,$399,$150,$200,$170,$356,$153,$275,$232,$420,,$142,$168,$211,$305,$120,$350,$628,$197,$210,$74,$467,$140,$296,$215,$289,$340,$325,$197,$325,$326,$150,$173,$230,$275,$127,$298,$294,$255,$212,$199,$325,$132,$185,$210,$995,$308,$215,$315,$364,$302,$256,$275,$220,$180,$237,$175,$242,$434,$222,$320,$145,$154,$411,$368,$225,$115,$589,$604,$231,$425,$189,$203,$188,$225,$400,$254,$450,$130,$180,$331,$250,$163,$353,$188,$119,$475,$576,$120,$300,$599,$97,$285,$275,$227,$225,$250,$188,$425,$188,$520,$130,$132,$495,$296,$539,$136,$222,$350,$480,$350,$190,$358,$290,$220,$187,$253,$125,$329,$297,$254,$205,$252,$123,$296
7,$292,$399,$530,$203,$295,$319,$475,$140,$203,$400,$138,$759,$363,$94,$172,$284,$348,$278,$138,$183,$269,$76,$320,$285,$242,$200,$125,$275,$267,$356,$190,$250,$386,$408,$188,$173,$331,$153,$296,$395,$325,$248,$207,$101,$294,$432,$198,$450,$185,$474,$375,$507,$309,$160,$178,$439,$200,$400,$413,$338,$239,$325,$297,$97,$234,$243,$230,$625,$100,$274,$261,$266,$500,$335,$287,$436,$340,$232,$326,$126,$440,$292,$217,$254,$410,$256,$241,$161,$343,$177,$175,$350,$192,$118,$242,$371,$101,$325,$196,$226,$135,$259,$186,$376,$307,$163,$198,$183,$159,$495,$175,$143,$240,$270,$310,$434,$180,$178,$489,$315,$240,$203,$390,$120,$182,$228,$202,$253,$476,$227,$219,$140,$309,$150,$236,$142,$269,$250,$126,$85,$107,$243,$500,$125,$392,$265,$130,$182,$245,$153,$150,,$183,$188,$610,$272,$205,$307,$335,$280,$255,$61,$410,$249,$200,$188,$225,$166,$251,$168,$550,$311,$298,$70,$116,$168,$145,$266,$190,$279,$265,$128,$254,$143,$360,$215,$317,$618,$590,$228,$218,$414,$445,$314,$254,$442,$174,$160,$194,$161,$379,$200,$429,$309,$273,$305,$256,$349,$399,"$2,010",$106,$141,$452,$135,$366,$315,$377,$169,$699,$150,$93,$158,$225,$300,$375,$166,$359,$166,$200,$150,$285,$400,$269,$560,$190,$310,$179,$193,$258,$349,$296,$325,$148,$179,$204,$229,$300,$130,$165,$411,$237,$348,$155,$263,$233,$209,$250,$191,$400,$470,$313,$130,$162,$304,$321,$229
8,$165,$127,$250,$153,$152,$325,$429,$211,$195,$411,$119,$205,$265,$246,$203,$209,$189,$306,$289,$285,$191,$161,$201,$350,$194,$238,$201,$142,$253,$389,$295,$329,$450,$201,$192,$277,$307,$216,$127,$680,$204,$150,$172,$200,$110,$229,$174,$117,$79,$250,$507,$375,$196,$230,$230,$357,$280,$212,$300,$441,$135,$425,$321,$229,$124,$316,$202,$595,$107,$126,$159,$343,$207,$350,$133,$250,$173,$163,$245,$89,$500,$265,$165,$283,$114,$169,$305,$131,$360,$238,$262,$550,$178,$210,$298,$145,$129,$184,$80,$525,$129,$220,$136,$317,$329,$260,$235,$380,$245,$119,$141,$153,$163,$759,$253,$350,$91,$104,$168,$150,$300,$321,$200,$456,$99,$251,$427,$279,$245,$186,$440,$201,$179,$317,$244,$440,$191,$185,$163,$260,$163,$316,$196,$261,$252,$250,$130,$99,$121,$157,$240,,$147,$192,$370,$404,$138,$377,$499,$132,$209,$306,$226,$200,$233,$152,$276,$265,$229,$231,$267,$259,$250,$205,$253,$630,$149,$305,$122,$329,$286,$225,$104,$239,$301,$209,$285,$376,$125,$251,$317,$317,$229,$208,$249,$224,$266,$230,$405,$336,$385,$238,$260,$306,$203,$412,$265,$268,$301,$216,$195,$264,$143,$260,$350,$310,$520,$420,$711,$78,$106,$271,$186,$132,$275,$240,$259,$349,$400,$165,$335,$900,$311,$429,$247,$300,$177,$231,$437,$185,$245,$159,$125,$385,$229,$185,$285,$80,$120,$185,$179,$565,$293,$210,$418,$371,$139,$275,$235,$139,$660,$285,$234,$495,$159,$185
9,$300,$225,$537,$245,$299,$336,$436,$134,$253,$240,$126,$265,$291,$332,$460,$177,$502,$249,$570,$200,$484,$121,$189,$425,$230,$430,$133,$325,$111,$525,$650,$172,$211,$239,$296,$126,$197,$295,$203,$250,$122,$351,$175,$151,$230,$249,$155,$137,$159,$120,$121,$121,$156,$375,$272,$232,$453,$550,$425,$119,$122,$599,$263,$130,$239,$290,$226,$800,$282,$316,$145,$123,$265,$425,$317,$314,$168,$348,$392,$224,$375,$210,$153,$235,$85,$250,$384,$209,$285,$150,$599,$324,$288,$205,$138,$178,$200,$195,$350,$265,$207,$333,$235,$201,$467,$356,$272,$134,$230,$393,$230,$350,$188,$268,$216,$500,$283,$345,$257,$250,$329,$239,$259,$153,$200,$319,$276,$271,$299,$480,$335,$193,$391,$515,$310,$200,$484,$173,$225,$321,$105,$290,$211,$200,$185,$204,$124,$200,$841,$122,$245,,$197,$280,$402,$204,$125,$302,$138,$170,$179,$366,$169,$175,$257,$191,$350,$275,$254,$160,$245,$430,$119,$207,$154,$199,$193,$354,$77,$479,$602,$271,$470,$189,$170,$229,$577,$400,$215,$319,$225,$700,$251,$548,$168,$270,$179,$400,$238,$295,$585,$223,$151,$306,$254,$180,$379,$350,$745,$336,$168,$261,$142,$243,$350,$269,$161,$215,$399,$100,$285,$199,$240,$485,$153,$180,$122,$252,$226,$103,$201,$177,$165,$299,$168,$285,$191,$260,$211,$210,$389,$240,$150,$450,$274,$173,$369,$100,$492,$348,$207,$349,$202,$317,$452,$230,$155,$275,$673,$144,$520,$375,$230,$119,$384,$173
10,$210,$589,$200,$185,$387,$232,$180,$292,$161,$199,$379,$270,$253,$214,$200,$475,$165,$248,$348,$215,$392,$139,$195,$225,$274,$148,$375,$350,$332,$307,$419,$280,$161,$203,$280,$287,$250,$332,$136,$185,$116,$240,$159,$315,$140,$274,$132,$300,$90,$175,$266,$266,$255,$400,$216,$173,$171,$213,$532,$204,$159,$333,$198,$609,$197,$421,$250,$495,$157,$161,$341,$299,$203,$142,$222,$155,$301,$194,$318,$193,$194,$250,$109,$439,$200,$222,$119,$270,$250,$130,$162,$326,$575,$250,$190,$255,$158,$197,$350,$226,$118,$265,$273,$575,$385,$295,$175,$202,$234,$250,$223,$321,$151,$265,$400,$323,$200,$215,$600,$225,$187,$181,$279,$323,$294,$398,$225,$225,$219,$157,$320,$209,$234,$400,$315,$220,$392,$277,$156,$150,$415,$421,$229,$189,$254,$452,$144,$294,$934,$179,$261,,$372,$257,$174,$258,$368,$250,$400,$137,$309,$256,$229,$525,$300,$222,$250,$142,$126,$307,$561,$415,$257,$128,$275,$154,$125,$268,$77,$391,$251,$156,$348,$149,$318,$161,$284,$334,$465,$475,$197,$223,$252,$199,$301,$201,$255,$399,$199,$275,$435,$247,$321,$145,$350,$268,$175,$475,$595,$213,$147,$175,$370,$203,$323,$251,$246,$307,$310,$186,$224,$200,$475,$299,$177,$170,$172,$299,$300,$305,$468,$275,$258,$187,$153,$189,$190,$265,$204,$179,$189,$520,$317,$140,$80,$199,$227,$120,$144,$995,$189,$899,$326,$145,$640,$206,$281,$254,$350,$331,$279,$339,$245,$393,$122,$199
11,$451,$350,$407,$120,$371,$408,$175,$300,$123,$137,$97,$240,$244,$279,$496,$299,$309,$183,$350,$99,$310,$69,$214,$189,$364,$475,$150,$250,$375,$195,$168,$282,$80,$238,$257,$151,$88,$165,$154,$269,$199,$73,$180,$145,$160,$267,$178,$302,$145,$432,$172,$172,$257,$399,$140,$273,$177,$375,$275,$234,$202,$550,$262,$131,$129,$250,$279,"$1,019",$128,$175,$210,$178,$178,$300,$380,$325,$112,$222,$412,$150,$431,$343,$245,$339,$129,$203,$166,$199,$384,$383,$165,$513,$251,$101,$255,$235,$227,$315,$94,$477,$445,$250,$155,$555,$629,$148,$243,$175,$162,$196,$180,$315,$200,$305,$163,$333,$225,$274,$520,$113,$179,$400,$229,$248,$420,$269,$220,$200,$400,$83,$248,$280,$549,$343,$241,$147,$310,$290,$126,$220,$141,$296,$249,$135,$639,$256,$113,$420,$133,$139,$415,,$181,$177,$462,$156,$206,$375,$378,$243,$277,$196,$203,$359,$330,$149,$385,$92,$384,$160,$475,$807,$337,$122,$250,$235,$227,$182,$162,$365,$125,$119,$237,$176,$248,$725,$182,$373,$217,$398,$350,$450,$357,$309,$350,$200,$214,$375,$281,$387,$755,$175,$150,$317,$410,$588,$350,$275,$302,$319,$155,$320,$145,$180,$197,$192,$911,$239,$305,$110,$97,$270,$266,$379,$190,$178,$259,$130,$302,$109,$350,$410,$171,$369,$112,$291,$396,$297,$243,$158,$125,$260,$258,$201,$190,$183,$384,$120,$164,$350,$438,$519,$157,$270,$181,$181,$178,$250,$175,$235,$132,$490,$151,$250,$288,$183
12,$250,$204,$123,$278,$433,$347,$391,$396,$146,$189,$186,$305,$311,$217,$202,$300,$450,$199,$416,$154,$294,$116,$448,$190,$268,$188,$250,$531,$179,$275,$116,$200,$331,$122,$177,$275,$204,$270,$85,$207,$431,$170,$150,$357,$211,$725,$350,$285,$92,$353,$287,$191,$165,$250,$315,$333,$270,$250,$400,$190,$165,$612,$342,$139,$235,$337,$146,$248,$192,$257,$206,$499,$116,$205,$201,$175,$137,$299,$313,$95,$383,$283,$127,$249,$189,$416,$199,$255,$499,$100,$166,$288,$226,$301,$241,$196,$475,$368,$95,$230,$225,$199,$304,$439,$273,$210,$238,$175,$271,$224,$276,$267,$146,$205,$235,$276,$170,$356,$280,$142,$276,$152,$150,$425,$222,$475,$168,$250,$235,$365,$228,$251,$350,$603,$282,$265,$294,$210,$179,$246,$175,$337,$242,$147,$282,$200,$103,$384,$100,$278,$448,,$265,$206,$300,$175,$225,$269,$850,$126,$245,$313,$344,$157,$253,$285,$300,$145,$130,$366,$234,$278,$197,$131,$180,$332,$195,$157,$84,$448,$475,$125,$260,$146,$250,$199,$302,$315,$160,$269,$158,$300,$175,$725,$320,$574,$468,$250,$168,$635,$483,$148,$166,$481,$425,$219,$160,$297,$255,$287,$197,$369,$308,$230,$299,$228,$154,$223,$500,$76,$158,$253,$200,$309,$200,$145,$375,$645,$159,$250,$205,$195,$253,$429,$287,$285,$145,$500,$245,$219,$295,$122,$216,$245,$200,$275,$201,$79,$173,$131,$119,$289,$227,$169,$148,$257,$196,$197,$467,$187,$350,$207,$159,$196,$134,$275
13,$283,$222,$125,$168,$285,$399,$163,$144,$165,$355,$167,$349,$335,$268,$276,$185,$219,$185,$271,$300,$450,$279,$650,$88,$161,$306,$215,$245,$130,$309,$175,$191,$175,$110,$206,$298,$299,$171,$181,$151,$177,$116,$177,$397,$200,$314,$117,$285,$141,$235,$235,$235,$353,$429,$313,$204,$218,$347,$497,$281,$250,$545,$275,$120,$274,$352,$216,$205,$290,$256,$158,$400,$166,$148,$185,$140,$175,$242,$325,$120,$180,$189,$109,$232,$200,$235,$281,$279,$242,$303,$150,$316,$246,$192,$235,$125,$431,$350,$250,$333,$107,$225,$144,$400,$340,$510,$174,$150,$195,$505,$301,$350,$116,$240,$359,$250,$213,$201,$178,$172,$275,$235,$184,$123,$384,$225,$106,$331,$399,$202,$500,$208,$205,$807,$429,$325,$450,$337,$257,$95,$135,$250,$228,$185,$200,$304,$225,$222,$235,$350,$208,,$262,$174,$199,$319,$195,$171,$311,$225,$227,$285,$466,$209,$243,$239,$325,$245,$164,$335,$296,$200,$174,$206,$329,$150,$352,$330,$179,$255,$175,$151,$185,$185,$189,$250,$700,$314,$389,$225,$225,$510,$748,$252,$495,$267,$424,$429,$398,$410,$476,$306,$197,$209,$271,$358,$225,$263,$823,$265,$317,$425,$154,$127,$309,$398,$208,$409,$520,$210,$245,$225,$209,$420,$161,$301,$310,$211,$269,$285,$325,$470,$429,$701,$150,$526,$106,$182,$251,$281,$102,$135,$237,$240,$287,$159,$190,$113,$202,$205,$148,$422,$275,$136,$150,$260,$250,$285,$164,$250,$350,$259,$365,$224,$143,$159
14,$189,$165,$243,$160,$281,$278,$193,$250,$238,$145,$228,$281,$319,$135,$264,$230,$205,$300,$297,$78,$218,$279,$194,$215,$314,$247,$203,$278,$95,$190,$386,$305,$131,$221,$174,$288,$450,$330,$145,$360,$800,$257,$350,$191,$337,$290,$219,$75,$170,$369,$191,$191,$139,$204,$147,$709,$257,$222,$275,$220,$297,$291,$298,$334,$315,$485,$286,$296,$225,$199,$276,$331,$237,$375,$275,$199,$329,$390,$309,$379,$229,$359,$168,$213,$163,$325,$379,$295,$165,$329,$230,$277,$291,$489,$200,$157,$253,$418,$148,$230,$210,$500,$187,$149,$450,$295,$339,$120,$151,$259,$250,$255,$185,$268,$122,$575,$199,$163,$330,$160,$309,$357,$181,$145,$241,$305,$125,$320,$150,$253,$236,$159,$379,$329,$220,$225,$218,$495,$379,$170,$189,$352,$189,$202,$175,$175,$425,$241,$225,$450,$360,,$272,$226,$151,$785,$177,$255,$408,$120,$147,$365,$350,$188,$200,$172,$250,$395,$164,$202,$470,$226,$199,$150,$270,$133,$459,$180,$175,$218,$290,$146,$185,$173,$190,$220,$99,$420,$140,$305,$219,$313,$113,$582,$273,$170,$254,$268,$197,$173,$256,$413,$183,$176,$200,$346,$208,$207,$745,$210,$255,$331,$370,$250,$219,$192,$262,$265,$258,$126,$99,$245,$146,$475,$164,$173,$163,$201,$151,$210,$369,$506,$272,$900,$258,$351,$110,$186,$297,$420,$152,$153,$150,$309,$699,$291,$384,$99,$220,$204,$351,$393,$158,$130,$125,$269,$279,$271,$332,$186,$399,$176,$195,$505,$273,$291
15,$359,$248,$261,$218,$420,$372,$608,$400,$236,$205,$103,$234,$200,$264,$275,$253,$610,$313,$195,$344,$178,$85,$220,$329,$313,$223,$275,$425,$179,$295,$195,$225,$70,$237,$260,$263,$775,$246,$213,$287,$113,$126,$339,$156,$132,$197,$201,$198,$356,$409,$229,$229,$455,$268,$500,$525,$203,$266,$440,$262,$210,$658,$378,$60,$268,$181,$259,$459,$224,$400,$196,$367,$180,$125,$333,"$1,200",$270,$264,$363,$146,$270,$398,$154,$275,$130,$530,$133,$127,$280,$139,$750,$425,$150,$262,$400,$124,$253,$555,$190,$266,$243,$173,$238,$295,$415,$269,$313,$186,$345,$621,$395,$234,$160,$399,$119,$475,$245,$247,$308,$159,$236,$250,$205,$225,$115,$222,$193,$245,$213,$294,$229,$200,$349,$199,$329,$199,$178,$335,$77,$216,$296,$485,$201,$200,$275,$217,$236,$115,$266,$229,$549,,$184,$224,$340,$300,$146,$171,$350,$211,$263,$204,$221,$204,$312,$95,$259,$150,$255,$187,$299,$262,$263,$190,$225,$115,$167,$195,$251,$395,$230,$87,$110,$140,$177,$116,$530,$78,$292,$222,$265,$250,$199,$185,$323,$172,$316,$212,$458,$495,$585,$430,$223,$350,$650,$276,$590,$107,$295,$593,$135,$303,$238,$220,$328,$268,$469,$199,$380,$142,$121,$409,$151,$485,$237,$150,$128,$322,$157,$186,$208,$132,$800,$365,$192,$144,$163,$282,$378,$174,$238,$300,$203,$500,$190,$125,$241,$108,$253,$200,$350,$329,$167,$264,$120,$285,$253,$124,$195,$250,$229,$249,$271,$259,$134,$125
16,$343,$121,$401,$160,$215,$180,$263,$275,$180,$123,$137,$463,$298,$446,$174,$375,$303,$152,$415,$183,$249,$89,$250,$300,$114,$391,$139,$100,$79,$350,$423,$178,$149,$189,$217,$405,$115,$263,$207,$301,$263,$131,$245,$600,$199,$360,$250,$387,$201,$191,$249,$249,$182,$212,$534,$417,$154,$350,$150,$144,$300,$230,$344,$85,$428,$274,$324,$204,$162,$294,$85,$299,$185,$95,$173,$180,$200,$161,$425,$120,$276,$165,$195,$156,$154,$480,$202,$175,$240,$255,$295,$536,$199,$184,$376,$221,$367,$525,$113,$300,$155,$153,$200,$295,$670,$359,$300,$185,$365,$205,$190,$291,$213,$259,$375,$523,$219,$175,$196,$68,$247,$185,$76,$185,$278,$481,$126,$245,$180,$289,$275,$111,$233,$150,$471,$136,$249,$276,$101,$245,$201,$181,$215,$220,$238,$162,$200,$278,$100,$166,$201,,$347,$188,$110,$292,$210,$300,$415,$149,$139,$400,$230,"$1,205",$362,$243,$375,$252,$194,$394,$195,$233,$174,$148,$265,$267,$167,$185,$203,$130,$225,$275,$110,$222,$192,$327,$530,$317,$350,$481,$800,$354,$748,$220,$277,$350,$350,$204,$296,$285,$244,$475,$135,$250,$275,$332,$374,$251,"$1,094",$342,$148,$275,$319,$125,$350,$222,$399,$142,$636,$400,$150,$250,$322,$399,$202,$205,$192,$104,$250,$233,$350,$275,$210,$279,$250,$533,$154,$400,$224,$202,$427,$75,$153,$154,$100,$185,$350,$95,$189,$913,$229,$500,$350,$256,$97,$225,$332,$364,$368,$327,$452,$199,$155,$621,$427,$185
17,$435,$275,$203,$175,$270,$167,$204,$177,$133,$419,$138,$420,$209,$86,$275,$277,$287,$129,$186,$328,$250,$74,$241,$257,$307,$315,$228,$113,$149,$285,$253,$288,$167,$775,$226,$334,$559,$425,$142,$224,$250,$301,$161,$111,$259,$425,$220,$173,$250,$191,$295,$295,$305,$199,$206,$231,$177,$337,$399,$205,$407,$412,$200,$130,$235,$440,$216,$253,$262,$307,$490,$290,$176,$85,$296,$435,$99,$286,$510,$249,$475,$451,$155,$192,$142,$250,$165,$140,$275,$125,$350,$238,$336,$171,$465,$220,$223,$145,$175,$130,$150,$240,$150,$268,$400,$270,$200,$215,$264,$307,$138,$139,$304,$463,$389,$148,$219,$334,$217,$292,$150,$177,$300,$170,$117,$190,$255,$278,$180,$317,$367,$121,$406,$138,$391,$245,$320,$300,$204,$250,$162,$440,$167,$126,$264,$129,$93,$138,$266,$304,$224,,$168,$173,$243,$277,$174,$148,$454,$211,$349,$306,$234,$218,$159,$239,$349,$340,$142,$225,$236,$515,$221,$140,$312,$173,$295,$215,$263,$438,$175,$151,$179,$253,$268,$144,$152,$110,$900,$192,$172,$587,$175,$255,$375,$185,$169,$205,$458,$173,$402,$188,$208,$179,$550,$352,$800,$227,"$1,650",$522,$196,$287,$370,$197,$352,$268,$350,$129,$425,$71,$109,$320,$201,$285,$340,$140,$259,$104,$133,$250,$539,$125,$195,$561,$299,$202,$153,$180,$235,$195,$108,$193,$250,$175,$184,$203,$174,$162,$240,$300,$225,$680,$249,$302,$229,$224,$215,$165,$650,$175,$452,$283,$155,$159,$120,$203
18,$196,$204,$260,$419,$345,$325,$228,$330,$263,$125,$137,$399,$368,$294,$209,$360,$233,$166,$176,$241,$320,$114,$166,$296,$269,$413,$140,$113,$370,$180,$157,$195,$230,$143,$224,$122,$498,$269,$203,$257,$199,$227,$163,$250,$235,$261,$250,$271,$113,$639,$122,$122,$305,$317,$420,$460,$242,$194,$225,$229,$166,$575,$411,$264,$202,$389,$229,$895,$159,$890,$216,$135,$176,$175,$200,$197,$123,$174,$330,$153,$240,$196,$120,$399,$309,$250,$286,$240,$398,$149,$750,$450,$400,$95,$400,$100,$120,$700,$175,$443,$437,$275,$375,$306,$239,$303,$166,$229,$350,$358,$130,$149,$192,$245,$499,$520,$177,$249,$231,$392,$175,$254,$400,$250,$117,$192,$261,$352,$486,$317,$461,$230,$199,$407,$221,$136,$250,$296,$87,$409,$110,$274,$73,$178,$371,$270,$261,$138,$358,$207,$275,,$152,$377,$179,$175,$199,$279,$303,$285,$139,$181,$240,$150,$176,$176,$349,$189,$213,$192,$236,$343,$225,$133,$305,$260,$103,$225,$150,$459,$152,$275,$470,$149,$188,$250,$313,$266,$125,$274,$214,$500,$186,$413,$250,$165,$350,$212,$359,$466,$256,$391,$283,$340,$346,$205,$221,$200,$204,$374,$161,$299,$170,$155,$266,$319,$300,$179,$325,$275,$175,$500,$152,$168,$132,$225,$216,$99,$175,$234,$384,$640,$178,$448,$225,$399,$130,$400,$210,$273,$165,$300,$195,$306,$199,$275,$208,$131,$271,$202,$296,$448,$157,$146,$204,$234,$217,$115,$518,$228,$689,$247,$105,$205,$299,$275
19,$229,$229,$349,$159,$270,$178,$317,$194,$219,$270,$164,$268,$235,$366,$441,$251,$241,$212,$441,$335,$270,$155,$297,$152,$425,$290,$159,$108,$90,$275,$277,$169,$377,$505,$333,$115,$440,$178,$112,$235,$198,$100,$200,$203,$235,$362,$181,$137,$115,$283,$192,$192,$191,$339,$545,$523,$122,$157,$381,$170,$374,$333,$333,$115,$329,$313,$247,$198,$375,$445,$140,$200,$205,$175,$280,$174,$255,$160,$278,$144,$495,$229,$199,$519,$246,$198,$195,$550,$215,$132,$265,$255,$202,$236,$281,$125,$479,$307,$283,$534,$328,$375,$175,$185,$331,$275,$216,$270,$196,$232,$200,$185,$226,$281,$172,$262,$424,$173,$250,$141,$263,$144,$110,$268,$137,$268,$118,$500,$175,$201,$236,$264,$170,$384,$216,$199,$270,$302,$222,$236,$212,$389,$228,$199,$200,$309,$699,$137,$275,$99,$183,,$195,$320,$167,$225,$167,$205,$500,$179,$192,$398,$222,$50,$271,$124,$225,$171,$204,$454,$350,$157,$196,$200,$150,$353,$176,$170,$275,$301,$487,$218,$253,$151,$208,$250,$284,$498,$225,$268,$315,$363,$294,$228,$94,$220,$371,$160,$277,$399,$572,$315,$152,$129,$500,$238,$317,$200,$533,$221,$219,$250,$369,$225,$400,$475,$132,$199,$699,$189,$75,$317,$164,$395,$154,$203,$253,$281,$150,$268,$239,$180,$285,$808,$249,$291,$142,$650,$210,$131,$110,$145,$131,$189,$169,$350,$156,$105,$106,$275,$188,$308,$229,$160,$214,$336,$255,$275,$134,$300,$279,$235,$383,$307,$139,$350
20,$639,$259,$176,$219,$316,$136,$143,$165,$349,$213,$203,$268,$356,$250,$254,$195,$122,$235,$234,$228,$399,$225,$485,$349,$137,$408,$208,$159,$184,$181,$194,$302,$167,$202,$450,$300,$269,$121,$179,$159,$120,$211,$142,$497,$146,$309,$171,$200,$375,$277,$205,$205,$298,$225,$400,$275,$236,$301,$335,$128,$122,$496,$457,$135,$205,$130,$334,$330,$196,$177,$75,$90,$203,$95,$299,$429,$112,$271,$345,$136,$447,$509,$113,$277,$99,$160,$229,$328,$150,$149,$320,$160,$112,$280,$441,$135,$178,$300,$110,$387,$220,$200,$300,$90,$425,$353,$183,$253,$105,$131,$268,$285,$149,$223,$351,$569,$270,$275,$150,$305,$320,$144,$250,$220,$251,$274,$229,$158,$210,$241,$433,$120,$316,$333,$680,$261,$399,$332,$183,$350,$179,$313,$295,$160,$671,$220,$475,$251,$151,$163,$187,,$276,$213,$300,$129,$113,$275,$270,$281,$227,$290,$119,$175,$175,$215,$325,$195,$205,$325,$320,$244,$250,$209,$235,$165,$197,$266,$150,$297,$279,$188,$240,$87,$149,$175,$312,$350,$263,$190,$272,$260,$386,$213,$375,$321,$187,$399,$242,$385,$850,$302,$164,$500,$450,$148,$194,$186,"$1,197",$480,$108,$240,$170,$185,$300,$275,$249,$179,$499,$81,$96,$352,$300,$345,$270,$165,$175,$349,$172,$221,$229,$150,$210,$450,$240,$130,$178,$154,$274,$130,$120,$109,$199,$231,$256,$321,$239,$177,$199,$178,$240,$250,$321,$286,$167,$165,$265,$247,$381,$292,$221,$233,$365,$358,$138,$321
21,$205,$104,$250,$135,$395,$296,$164,$181,$126,$142,$254,$219,$246,$290,$299,$351,$264,$173,"$2,500",$232,$209,$111,$270,$191,$101,$481,$101,$180,$259,$380,$175,$225,$230,$179,$300,$112,$195,$250,$250,$262,$121,$230,$180,$175,$156,$342,$170,$75,$180,$209,$205,$205,$145,$205,$248,$185,$310,$525,$440,$138,$202,$448,$239,$102,$302,$347,$186,$233,$200,$175,$205,$175,$157,$215,$255,$129,$293,$170,$200,$152,$138,$205,$165,$282,$89,$300,$316,$199,$200,$200,$225,$443,$300,$150,$200,$100,$260,$329,$89,$542,$151,$222,$200,$914,$800,$326,$410,$134,$149,$109,$253,$394,$174,$219,$259,$420,$267,$118,$178,$390,$233,$207,$240,$340,$188,$275,$135,$332,$403,$197,$254,$127,$549,$415,$260,$238,$279,$212,$263,$120,$430,$347,$221,$120,$151,$280,$130,$229,$248,$281,$275,,$141,$300,$195,$450,$146,$278,$570,$144,$338,$160,$137,$91,$335,$82,$259,$207,$269,$500,$230,$188,$390,$278,$185,$291,$159,$175,$192,$208,$162,$100,$318,$185,$243,$230,$260,$87,$110,$351,$249,$312,$482,$295,$168,$189,$328,$205,$194,$325,$280,$251,$145,$138,$235,$240,$354,$119,$695,$698,$183,$369,$308,$259,$199,$190,$155,$549,$495,$200,$105,$278,$339,$351,$249,$209,$181,$195,$748,$295,$384,$177,$218,$365,$279,$262,$126,$284,$274,$310,$245,$378,$169,$375,$152,$520,$202,$147,$90,$215,$242,$440,$400,$222,$179,$256,$225,$120,$577,$136,$171,$207,$220,$250,$263,$520
22,$332,$132,$350,$195,$620,$196,$172,$233,$200,$119,$139,$245,$236,$255,$156,$230,$226,$164,$278,$226,$499,$125,$248,$350,$175,$302,$194,$255,$172,$290,$271,$194,$230,$160,$202,$303,$100,$290,$321,$195,$171,$157,$198,$400,$235,$295,$165,$200,$222,$247,$238,$238,$153,$205,$300,$415,$195,$265,$172,$180,$374,$271,$296,$165,$109,$332,$380,$200,$239,$157,$206,$389,$119,$95,$148,$175,$302,$600,$595,$281,$192,$330,$153,$292,$143,$121,$155,$124,$323,$100,$482,$280,$178,$180,$224,$314,$225,$661,$184,$112,$218,$252,$290,$300,$313,$260,$592,$290,$254,$105,$349,$232,$153,$349,$302,$221,$205,$95,$117,$157,$192,$305,$249,$170,$197,$205,$130,$158,$495,$243,$260,$137,$166,$326,$355,$110,$499,$270,$110,$104,$131,$332,$149,$122,$178,$349,$220,$197,$123,$237,$175,,$150,$202,$228,$321,$103,$170,$650,$131,$199,$160,$120,$955,$434,$125,$234,$350,$257,$457,$239,$295,$175,$65,"$1,720",$203,$200,$295,$295,$333,$170,$104,$238,$239,$89,$400,$284,$132,$170,$275,$374,$336,$307,$263,$213,$316,$260,$214,$295,$400,$207,$481,$201,$375,$570,$144,$272,$369,$599,$367,$173,$350,$233,$203,$425,$481,$135,$139,$470,$210,$116,$310,$259,$174,$265,$204,$311,$148,$748,$104,$190,$600,$195,$476,$265,$302,$299,$442,$212,$328,$317,$275,$139,$236,$226,$249,$229,$161,$485,$197,$149,$280,$246,$286,$215,$165,$250,$227,$248,$193,$200,$336,$185,$232,$203,$249
23,$439,$143,$245,$186,$349,$274,$234,$277,$126,$137,$199,$433,$290,$248,$204,$159,$579,$349,$176,$377,$279,$180,$340,$235,$228,$617,$151,$180,$285,$412,$190,$450,$163,$150,$205,$149,$440,$347,$190,$194,$145,$288,$179,$175,$245,$311,$101,$183,$211,$450,$376,$376,$186,$184,$115,$226,$238,$203,$220,$172,$275,$658,$262,$129,$231,$243,$225,$255,$239,$186,$159,$267,$219,$139,$275,$111,$216,$395,$693,$127,$200,$521,$137,$301,$169,$200,$125,$145,$299,$199,$187,$190,$199,$271,$110,$171,$105,$313,$110,$293,$329,$466,$193,$690,$276,$334,$270,$135,$425,$221,$114,$210,$375,$161,$351,$447,$114,$324,$451,$142,$359,$201,$546,$332,$300,$351,$200,$310,$225,$271,$255,$96,$570,$311,$220,$250,$209,$286,$97,$350,$247,$243,$224,$441,$211,$235,$89,$300,$148,$168,$295,,$252,$205,$233,$287,$253,$230,$720,$197,$180,$85,$217,$855,$330,$137,$325,$246,$120,$441,$254,$291,$310,$70,$162,$101,$275,$349,$264,$300,$230,$100,$346,$189,$272,$650,$250,$161,$200,$205,$208,$663,$316,$350,$290,$250,$277,$207,$276,$450,$347,$297,$283,$117,$295,$275,$255,$138,$231,$175,$110,$350,$325,$115,$99,$274,$370,$134,$379,$188,$169,$308,$148,$263,$150,$293,$200,$181,$257,$141,$190,$254,$156,$478,$242,$262,$95,$225,$199,$219,$83,$173,$207,$121,$403,$205,$350,$102,$315,$255,$208,$435,$218,$588,$149,$117,$196,$145,$335,$175,$157,$131,$204,$131,$377,$205
24,$250,$290,$257,$182,$512,$293,,$128,$228,$206,$140,$325,$271,$279,$296,$149,$224,$400,$243,$273,$325,$93,$225,$254,$283,$228,$225,$116,$297,$210,$355,$225,$14,$154,$188,$193,$227,$485,$134,$199,$163,$217,$200,$150,$331,$403,$174,$105,$83,$437,$360,$360,$144,$207,$450,$133,$179,$368,$294,$103,$155,$226,$275,$96,$279,$191,$155,$176,$235,$229,$249,$128,$230,$164,$218,$150,$227,$206,$359,$164,$306,$639,$87,$320,$185,$185,$378,$130,$276,$169,$280,$286,$129,$188,$245,$364,$163,$332,$155,$469,$265,$102,$269,$208,$505,$179,$150,$151,$238,$228,$360,$153,$220,$234,$200,$280,$357,$186,$169,$178,$150,$729,$150,$139,$229,$176,$160,$308,$125,$245,$175,$159,$600,$305,$573,$131,$149,$450,$390,$225,$132,$130,$216,$334,$276,$336,$287,$285,$97,$206,$284,,$271,$370,$199,"$2,450",$206,$149,$175,$227,$144,$235,$300,$115,$193,$370,$344,$159,$140,$111,$500,$280,$158,$151,$265,$325,$150,$291,$223,$344,$318,$153,$234,$135,$182,$153,$381,$179,$210,$176,$175,$499,$250,$391,$152,$310,$284,$200,$194,$413,$299,$617,$377,$194,$209,$229,$208,$271,$643,$151,$390,$329,$225,$179,$461,$205,$221,$209,$458,$137,$159,$158,$140,$595,$173,$154,$195,$359,$256,$165,$375,$105,$220,$154,$300,$592,$90,$332,$137,$206,$132,$150,$177,$307,$281,$250,$325,$124,$153,$110,$337,$435,$150,$300,$160,$335,$204,$237,$323,$367,$131,$285,$284,$109,$144,$250
25,$380,$115,$211,$290,$215,$270,,$298,$185,$196,$204,$417,$322,$160,$168,$250,$280,$288,$249,$183,$149,$159,$171,$199,$273,$263,$200,$117,$173,$395,$288,$325,$79,$250,$173,$302,$265,$176,$192,$126,$373,$207,$153,$199,$259,$231,$245,$99,$137,$312,$179,$179,$126,$216,$350,$335,$106,$295,$406,$322,$222,$561,$298,$101,$241,$345,$318,$219,$128,$155,$196,$148,$320,$154,$120,$364,$210,$164,$188,$196,$400,$252,$145,$288,$271,$450,$180,$230,$323,$400,$185,$243,$134,$153,$147,$305,$149,$305,$165,$330,$320,$504,$113,$134,$387,$278,$300,$160,$284,$334,$136,$375,$235,$128,$367,$199,$201,$255,$327,$220,$249,$279,$160,$220,$350,$333,$147,$400,$185,$296,$458,$100,$290,$350,$281,$139,$275,$139,$255,$263,$240,$191,$203,$200,$200,$265,$125,$350,$251,$292,$230,,$250,$311,$119,$450,$136,$228,$425,$255,$395,$203,$121,$681,$308,$114,$200,$300,$228,$179,$375,$150,$99,$189,$198,$281,$166,$176,$323,$315,$150,$249,$416,$196,$166,$200,$259,$308,$156,$192,$325,$825,$475,$426,$200,$338,$263,$314,$339,$257,$570,$259,$99,$295,$250,$273,$229,$265,$700,$233,$317,$264,$223,$225,$229,$176,$408,$281,$544,$350,$140,$344,$300,$240,$482,$110,$245,$145,$564,$255,$265,$162,$321,$430,$194,$150,$149,$345,$165,$139,$236,$152,$136,$158,$281,$205,$265,,$178,$151,$244,$415,$223,$332,$165,$300,$190,$198,$371,$305,$250,$232,$205,$325,$197,$205
26,$454,$129,$220,$350,$196,$241,,$178,$179,$160,$178,$243,$343,$363,$235,$337,$390,$140,$240,$300,$275,$189,$163,$650,$168,$251,$89,$138,$104,$199,$233,$200,$97,$310,$377,$109,$137,$178,$264,$323,$235,$243,$660,$316,$198,$225,$146,$160,$195,$181,$224,$224,$144,$214,$295,$271,$208,$316,$185,$135,$120,$438,$321,$220,$399,$296,$400,$308,$139,$200,$183,$170,$650,$236,$172,$519,$197,$234,$415,$169,$225,$224,$145,$173,$109,$595,$194,$139,$250,$195,$401,$311,$195,$165,$174,$229,$600,$524,$189,$293,$417,$361,$116,$230,$332,$185,$456,$229,$220,$274,$150,$307,$195,$207,$263,$375,$283,$203,$216,$170,$221,$226,$490,$208,$285,$275,$189,$204,$132,$199,$338,$192,$635,$415,$238,$141,$325,$351,$92,$96,$85,$345,$203,$285,$327,$263,$80,$188,$410,$184,$234,,$227,$224,$669,$355,$103,$137,$520,$163,$227,$141,$137,$140,$427,$155,$239,$350,$185,$149,$547,$347,$270,$172,$150,$271,$200,$177,$283,$230,$200,$257,$169,$178,$249,$199,$102,$375,$425,$333,$256,$465,$420,$233,$352,$206,$241,$253,$420,$560,$225,$263,$205,$329,$351,$448,$147,$203,$529,$111,$155,$247,$214,$185,$419,$253,$400,$222,$356,$189,$215,$350,$100,$309,$350,$142,$389,$260,$191,$158,$192,$257,$243,$526,$205,$364,$225,$250,$292,$189,$249,$300,$89,$125,$235,$630,$171,,$118,$149,$250,$312,$259,$173,$99,$340,$152,$198,$409,$275,$214,$175,$202,$105,$155,$630
27,$290,$185,$169,$319,$535,$167,,$135,$226,$184,$96,$223,$350,$110,$350,$335,$195,$209,$378,$159,$249,$90,$300,$493,$283,$345,$331,$600,$500,$130,$141,$335,$133,$350,$213,$167,$348,$158,$135,$206,$89,$161,$161,$268,$201,$199,$224,$187,$275,$227,,,$97,$253,$250,$178,$111,$510,$148,$146,$145,$658,$307,$246,$180,$380,$299,$271,$221,$191,$194,$178,$135,$374,$306,$385,$177,$179,$345,$205,$435,$250,$119,$268,$311,$275,$292,$150,$350,$221,$267,$304,$175,$104,$168,$250,$245,$467,$88,$230,$360,$257,$176,$264,$266,$210,$369,$135,$258,$481,$222,$164,$188,$139,$181,$375,$290,$221,$119,$311,$350,$300,$250,$350,$158,$192,$149,$317,$588,$265,$522,$91,$376,$193,$800,$145,$249,$200,$115,$198,$250,$350,$314,$241,$352,$200,$69,$158,$188,$110,$335,,$201,$278,$85,$151,$163,$225,$289,$390,$135,$127,$230,$480,$223,$146,$154,$386,$149,$191,$250,$162,$190,$229,$237,$169,$450,$203,$380,$595,$120,$146,$118,$209,$135,$195,$184,$299,$130,$275,$281,$234,$289,$262,$285,$172,$225,$190,$188,$346,$990,$345,$186,$167,$253,$280,$265,$140,$675,$508,$182,$244,$267,$135,$153,$295,$341,$231,$462,$285,$187,$353,$257,$299,$125,$437,$440,$456,$755,$182,$210,$305,$250,$673,$303,$232,$355,$330,$118,$250,$161,$415,$146,$204,$423,$141,$152,,$197,$147,$92,$316,$317,$169,$640,$315,$215,$427,$405,$128,$160,$195,$261,$228,$102,$141
28,$320,$190,$350,$181,$220,$290,,$200,$146,$180,$169,$161,$165,$170,$320,$265,$244,$188,$384,$186,$445,$192,$160,$326,$111,$175,$121,$189,$295,$150,$415,$501,$134,$107,$370,$307,$290,$335,$167,$270,$131,$187,$175,$482,$210,$191,$117,$130,$112,$289,,,$211,$237,$200,$210,$305,$299,$174,,$135,$438,$262,$96,$229,$350,$125,$159,$191,$420,$340,$142,$161,$154,$213,$150,$233,$201,$305,$100,$588,$241,$114,$245,$202,$170,$297,$173,$365,$140,$242,$200,$250,$92,$275,$414,$275,$207,$259,$306,$116,$250,$229,$398,$360,$178,$324,$176,$160,$320,$218,$162,$150,$276,$188,$231,$236,$175,$178,$129,$210,$265,$175,$217,$176,$253,$285,$409,$250,$173,$235,$179,$137,$185,$552,$135,$445,$153,$158,$133,$132,$380,$215,$229,$196,$142,$126,$176,$140,$200,$422,,$197,$164,$236,$188,$265,$255,$243,$227,$136,$342,$144,"$2,305",$290,$135,$299,$153,$130,$355,$475,$290,$191,$225,$370,$249,$690,$150,$250,$344,$254,$200,$145,$154,$197,$275,$143,$200,$136,$232,$175,$216,$269,$284,$156,$253,$333,$237,$458,$326,$430,$190,$157,$422,$302,$254,$281,$137,$347,$205,$146,$250,$319,$125,$200,$220,$115,$292,$245,$203,$191,$126,$375,$120,$357,$271,$235,$257,$274,$150,$254,$260,$200,$356,$274,$178,$99,$170,$224,$190,$181,$221,$141,$369,$239,$190,$227,,$275,$223,$320,$250,$119,$220,$149,$285,$275,$149,$403,$203,$345,$151,$220,$274,$250,$190
29,$241,$188,$253,$176,$333,$150,,$195,$196,$245,$249,$269,$363,$170,$214,$255,$405,$332,$355,$200,$200,$93,$247,$230,$490,$408,$325,$425,$299,$320,$544,$125,$468,$227,$360,$249,$381,$266,$230,$136,$249,$200,$120,$299,$175,$399,$173,$118,$60,$375,,,$167,$222,$155,$349,$152,$327,$199,,$270,$333,$263,$115,$178,$389,$160,$362,$78,$397,$209,$240,$231,,$181,$165,$199,$233,$484,$102,$327,$439,$116,$183,$240,$75,$176,$300,$325,$215,$283,$163,$153,$129,$110,$242,$309,$273,$171,$219,$235,$199,$199,$286,$253,$375,$120,$217,$185,$150,$400,$177,$176,$259,$256,$220,$125,$204,$202,$136,$375,$181,$275,$150,$199,$232,$187,$344,$475,$215,$265,$150,$202,$404,$281,$186,$299,$230,$133,$242,$199,$389,$150,$193,$200,$220,$253,$199,$67,$299,$168,,$175,$188,$181,$300,$254,$228,$441,$300,$219,$201,$246,$480,$229,$329,$278,$211,$182,$106,$470,$384,$190,$164,$320,$519,$118,$406,$69,$293,$216,$121,,$110,$123,$182,$336,$169,$145,$253,$233,$360,$385,$110,$75,$175,$317,$199,$398,$209,$380,$225,$233,$318,$250,$379,$129,$225,$650,$245,$220,$305,$170,$335,$158,$275,$252,$167,$292,$85,$207,$197,$154,$315,$200,$275,$300,$200,$186,$180,$270,$333,$90,$344,$285,$127,$121,$97,$114,$221,$150,$140,$180,$126,$160,$289,$210,,$185,$182,$251,$171,$160,$140,$138,$240,$210,$136,$295,$149,$350,$246,$264,$270,$212,$154
30,$224,$128,$385,$267,$185,$221,,$219,$327,$200,$98,$359,$367,$157,$95,$302,$217,$525,$425,$268,$274,,$188,$103,,$297,$149,$106,$125,$487,$396,$159,$273,$301,$278,$254,$214,$200,$315,$122,$146,$193,$200,$225,$266,$267,$156,$105,$203,$259,,,$233,$313,$125,$229,$165,$391,$600,,$114,$271,$251,$150,$218,$400,$122,$199,$119,$150,$175,$195,$166,,$252,$160,$280,$415,$675,$114,$247,$290,$85,,$400,$259,$230,$155,$140,$177,$354,$295,$125,$130,$127,$249,$231,$175,$92,$211,$194,$152,$157,$318,$183,$300,$199,$150,$235,$300,$249,$201,$149,$433,$440,$380,$150,$158,$351,$161,$300,$291,$289,$295,$134,$299,$334,$126,$275,,$224,$208,$499,$354,$200,$102,$274,$120,$150,$225,$195,$300,$171,$149,$287,$250,$351,$134,$137,$130,$175,,$141,$153,$237,$350,$140,$177,$384,$149,$168,$177,$177,$805,$258,$177,$172,$202,$149,$88,$195,$232,$200,$273,$135,$160,$145,$299,$152,$325,$105,$420,,$175,,$241,$190,$198,$105,$299,$326,$276,$172,$786,$276,$232,$117,$206,$326,,$480,$408,$191,$150,$420,$172,$237,$203,$336,$522,$118,$425,$230,$147,$290,$299,$217,$240,$436,$136,$175,$255,$249,$194,$225,$201,$499,$252,$386,$232,$152,$240,$281,$459,$278,$291,$142,$275,$261,$290,$259,$119,$109,$164,$301,$154,$215,,$199,$157,$123,$217,$261,$238,$381,$126,$163,$187,$329,$219,$525,$156,$217,$481,$303,$289
31,$252,$114,$200,$165,$131,$145,,$224,$125,$393,$184,$276,$263,$375,$177,,$130,$425,$225,$126,$183,,$203,$142,,$305,$234,$170,$124,$469,$395,$219,$114,$100,$224,$299,$179,$275,$84,$360,$260,$225,$119,$243,$179,$260,$94,$185,$190,$135,,,$130,$190,$260,$268,,$310,$186,,$150,$239,$164,$91,$192,$300,$150,$215,$250,$299,$109,$355,$369,,$295,$228,$185,$563,$362,$240,$304,$435,$94,,$97,$182,$333,$151,$225,$165,$270,$147,$160,,$394,$167,$152,$385,$270,$310,$309,$255,$203,$250,$249,$260,$138,$290,$267,$159,$159,$89,$151,$179,$175,$225,$230,$199,$178,$235,$247,$153,$100,$186,$178,$220,$185,$353,$233,,$199,$127,$450,$177,$235,$200,$200,$209,$63,$132,$164,$400,$121,$255,$170,$220,$395,$95,$167,$76,$281,,$186,$195,$139,$124,$161,$140,$299,,$150,$139,$115,,$209,$201,$415,$167,,$399,$435,$288,$181,$80,$185,$140,$202,$215,$239,$361,$140,$122,,$126,,$99,$90,$362,$153,$235,$229,$308,$155,$227,$470,$272,$399,$192,$292,,$237,$285,$88,$146,$249,$221,$326,$144,$514,$150,$300,$286,$192,$126,$360,$316,$151,$219,$313,$111,$184,$204,$180,$455,$260,$248,$263,$215,$190,$182,$165,$161,$250,$378,$125,$295,$175,$149,$144,$212,$255,$188,$226,$193,$128,$359,$165,,$180,$200,$220,$226,$210,$182,$180,$188,$241,$158,$300,$500,$275,$179,$178,$320,$122,$359
32,$149,$167,$496,,$239,$274,,$122,$170,$269,$265,$380,$173,$176,$255,,$303,$420,$330,$175,$440,,$130,$359,,$190,$127,$115,,$133,,,,$146,$164,$295,$105,$261,$290,,$250,$167,$300,$307,$250,$248,$200,$141,$161,,,,$207,$206,$328,$366,,$93,$221,,$97,$553,$263,$70,$235,$200,,,$400,$386,,$91,$145,,$116,$162,$179,$247,$292,,$239,$146,$175,,$310,$139,$80,$157,$350,$79,$169,$310,$88,,$132,$238,$150,$239,$88,$185,$300,$240,$179,$104,$270,$250,$253,,$178,$260,$196,$413,$153,$160,$128,$299,$116,$94,$432,,$295,$392,$173,$240,$95,$235,$150,$197,$265,,$253,$122,$93,$275,,$202,$183,$203,$196,$339,$201,$200,$255,$225,$235,$235,$124,$178,$144,$138,$220,,$280,$291,$200,$162,$135,,$399,,$219,$94,$246,,$119,$128,$207,$151,,$241,$447,$395,$196,$202,$205,$166,$203,$247,$73,$220,$208,$189,,$162,,$222,,$121,$226,$220,$167,$366,$157,$290,$223,$360,$214,$248,$125,,,$396,$214,$440,$203,$425,$291,$253,$345,$416,$87,$395,$294,$158,,$244,$193,$169,$324,$269,$131,$310,$265,$250,,$264,$400,$127,$175,$197,$202,$114,$126,$275,$205,$329,$131,,$143,$249,$95,$123,$127,$199,$317,$144,$190,,$187,$241,$218,,$199,$293,,$284,$162,,$174,$212,$350,,$267,$320,$230,$144
33,$146,$172,$255,,$425,$289,,$280,$238,$200,$136,$229,$230,$121,$250,,$90,,$260,$81,,,$315,$180,,$396,$274,$142,,$195,,,,,$153,$379,$249,$280,$225,,$135,$319,$155,$254,$149,,$263,,$326,,,,$241,$200,$215,$325,,$309,$124,,$550,$266,$262,$120,$158,$334,,,$297,$269,,$152,,,$259,$153,$179,$266,$350,,$261,$250,$160,,$120,$200,$193,$140,$317,$179,,$173,$112,,,,$150,$371,$100,$199,$161,$175,$140,,$323,$149,$270,,$202,$142,$196,$268,$145,$325,$254,$475,$160,,$157,,$250,$139,$117,$104,$125,$342,$120,$255,$379,,$294,$185,$315,,,$269,,,$115,$185,$120,$334,,$106,$268,$289,$85,$125,$145,$165,$148,,$135,$173,$241,$153,$235,,$224,,$202,$133,$250,,,,$250,$371,,$169,$375,$334,$219,$181,,$225,$190,$208,$162,$263,$228,$191,,,,$256,,$340,$131,$342,$199,$205,$222,$306,,$261,$395,$313,$296,,,$274,$254,$455,$490,$439,$162,$172,$201,$384,$148,$249,$150,$150,,$345,$240,$199,$493,$181,$300,$276,$172,,,$116,$367,$258,$159,$253,$150,$98,$195,$365,$277,$147,$107,,$90,,$114,$110,,$118,$232,,$173,,$125,$239,,,$145,$175,,$263,$140,,$147,$195,,,$345,$150,$221,
34,$280,$214,$209,,$400,$195,,$89,$238,$225,$175,$283,$270,$136,,,,,$328,$220,,,,$150,,$315,$187,$179,,,,,,,$181,$248,,$145,$212,,$175,$105,$87,$181,$175,,$116,,,,,,$186,$206,$253,,,$197,,,,$642,,,$173,$285,,,$175,$482,,$206,,,,$145,$137,$124,$195,,$285,$419,,,$341,$240,$120,$199,$495,,,$214,$99,,,,$214,,$72,,$350,$229,$175,,$395,,$126,,$365,$175,$275,$256,,$229,$195,$330,$106,,,,$199,$173,,,,$210,$200,$193,$350,,$244,$165,$328,,,$253,,,$207,$150,,$285,,$146,$500,$235,$92,,$102,,$156,,$160,$176,$80,$246,$147,,,,$199,$175,$153,,,,$402,,,$245,$215,$279,$227,$91,,$153,,,$335,$210,,$250,,,,$115,,$235,$100,$244,$364,,$161,$329,,$500,$111,$253,$190,,,$323,$191,$431,$132,$136,$139,$158,$465,,,$255,$173,$185,,,,$166,$424,$98,$158,$230,$229,,,,$221,$235,$177,,,,$200,$270,$257,,$112,,$227,,$124,$199,,$160,,,,,$151,$120,,,$208,,,$257,$332,,,$250,,,$149,$159,,
