,Magic Mountain,49 Degrees North,Afton Alps,Alpental,Alpine Valley Ohio,Alpine Valley Wisconsin,Alta,Alyeska,Andes Tower Hills,Angel Fire,Anthony Lakes,Appalachian Ski Mountain,Apple Mountain,Arapahoe Basin,Arizona Snowbowl,Aspen Snowmass,Attitash,Bear Creek Mountain,Bear Mountain,Bear Valley,Beaver Creek,Beaver Mountain,Ski Beech Mountain,Belleayre,Berkshire East,Big Bear,Big Boulder,Big Powderhorn Mountain,Big Sky,Big Squaw,Bittersweet,Blandford,Black Mountain,Blacktail Mountain,Blue Hills,Blue Knob,Blue Mountain,Bluewood,Bogus Basin,Bolton Valley,Boreal,Boston Mills and Brandywine,Bousquet,Boyne Mountain,Bradford,Brantling Ski,Breckenridge,Bretton Woods,Brian Head,Bridger Bowl,Brighton,Bristol Mountain,Bromley Mountain,Bruce Mound,Brundage Mountain,Bryce,Buck Hill,Buena Vista,Buffalo Ski Club,Burke Mountain,Caberfae Peaks Ski Golf,Camden,Camelback Mountain,Campgaw Mountain,Canaan Valley,Cannon Mountain,Cannonsburg,Cascade Mountain,Cataloochee,Catamount Ski Ride Area,Chestnut Mountain,Ski China Peak,Christie Mountain,Christmas Mountain,Coffee ll,Ski Cooper,Cooper Spur,Copper Mountain,Cranmore Mountain,Crested Butte Mountain,Crotched Mountain,Crystal Mountain,Crystal Mountain ,Dartmouth Skiway,Ski Mystic at Deer Mountain,Deer Valley,Devils Head,Diamond Peak,Discovery,Dodge Ridge,Donner Ski Ranch,Dry Hill,Eagle Point,Eagle Rock,Eaglecrest,Eldora Mountain,Elk Mountain Ski,Elko SnoBowl,Elm Creek,Enchanted Forest,Four Lakes,Giants Ridge,Gore Mountain,Granby Ranch,Grand Geneva,Grand Targhee,Granite Peak,Great Divide,Greek Peak,Gunstock,Heavenly Mountain,Hidden Valley,Hilltop,Hogadon,Holiday Mountain,Holiday Valley,Holimont,Hoodoo,Howelsen Hill,Hunt Hollow,Hunter Mountain,Hyland Ski Snowboard Area,Jay Peak,Jiminy Peak,Jack Frost,Snowriver Mountain Resort,Jackson Hole,June Mountain,Kelly Canyon,Keystone,Killington,King Pine,Kirkwood,Kissing Bridge,Labrador Mt.,Lee Canyon,Liberty,Little Switzerland,Lookout Pass,Loon Mountain,Lost Trail Powder Mountain,Lost Valley,Loveland,Lutsen Mountains,Mad River Mountain,Mad River Glen,Magic Mountain Vermont,Magic Mountain Idaho,Mammoth Mountain,Maple Ski Ridge,Marquette Mountain,Massanutten,Maverick Mountain,McCauley Mountain Ski Center,Meadowlark,Mohawk Mountain,Monarch Mountain,Mont Ripley,Sno Mountain,Montana Snowbowl,Mount Holly,Mount Kato,Mt. Peter,Mount Pleasant,Mt. Snow,Mt. Southington,Mt. Sunapee,Mountain Creek,Mountain High,Mt. Abram Ski,Mt. Ashland,Mt. Baker,Mt. Baldy,Mt. Bhelor,Mt. Bohea,Mt. Brighton,Mt. Crescent,Mt. Holiday,Mt. Hood Meadows,Mt. Hood Skibowl,Mt. Jefferson,Mt. La Crosse,Mt. Rose Ski Tahoe,Mt. Shasta,Mt. Spokane,Mulligan's Hollow,Nashoba Valley,New Hermon Mountain,Nordic Mountain,Nordic Valley,Northstar California,Norway Mountain,Nubs Nob,Oak Mountain,Ober Gatlinburg Ski,Okemo Mountain,Omni Homestead,Otis Ridge,Pajarito Mountain,Palisades Tahoe,Paoli Peaks,Park City Mountain,Pats Peak,Pebble Creek,Peekn Peak,Perfect North Slopes,Pico Mountain,Pine Knob,Pine Mountain,Plattekill Mountain,Pleasant,Pomerelle Mountain,Powder Mountain,Powder Ridge,Powderhorn,Purgatory Mountain,Ragged Mountain,Red Lodge Mtn.,Red River,Roundtop Mountain,Royal Mountain,Sandia Peak,Sapphire Valley,Saskadena Six,Shanty Creek,Schweitzer,Seven Oaks,Seven Springs,Showdown,Sierra at Tahoe,Silver Mountain,Silverton Mountain,Sipapu Ski and Summer,Ski Apache,Ski Brule,Ski Butternut,Ski Santa Fe,Ski Sawmill,Ski Snowstar Winter Sports Park,Ski Sundown,Ski Ward,Sleeping Giant,Smugglers' Notch,Snow Creek,Snow King,Snow Ridge,Snow Snake,Snow Sumt,Snow Trails,Snow Valley,Snowbasin,Snowbird,Snowshoe Mountain,Snowy Range Ski Recreation Area,Soda Springs,Soldier Mountain,Solitude Mountain,Song Mountain,Spirit Mountain,Spout Springs,Spring Mountain,Mission Ridge,Steamboat,Stevens Pass,Stowe Mountain,Stratton Mountain,Sugar Bowl,Sugar Mountain,Sugarbush,Sugarloaf,The Summit at Snoqualmie,Sun Valley,Sunburst,Sundance,Sunday River,Sundown Mountain,Sunlight Mountain,Sunrise Park,Swain,Swiss Valley,Tahoe Donner,Tamarack,Taos Ski Valley,Telluride,Terry Peak,Teton Pass,Boyne Highlands,The Homestead,Thunder Ridge,Timber Ridge,Timberline,Timberline Lodge,Titus Mountain,Toggenburg Mountain,Treetops,Trollhaugen,Tussey Mountain,Tyrol Basin,Vail,Villa Olivia,Waterville Valley,Welch Village,West Mountain,Whalebk,White Pass,White Pine,Whitecap Mountain,Whiteface Mountain,Whitefish Mountain,Whitetail,Whusett,Wild Mountain Ski Snowboard Area,Wildcat Mountain,Willamette Pass,Willard Mountain,Wilmot Mountain,Windham Mountain,Winter Park,Wintergreen,Winterplace Ski,Wisp,Wolf Creek,Wolf Ridge Ski,Woodbury,Woods Valley,Yawgoo Valley,Badger Pass,Mt. Bachelor,Mt. Bohemia,Shawnee Mountain,Wachusett Mountain
0,$195,$114,$299,$265,$145,$97,$300,$275,$129,$79,$165,$209,$110,$98,$108,$506,$135,$100,$90,$180,$249,$68,$533,$202,$224,$371,$149,$110,$167,$79,$139,$209,$231,$98,$165,$299,$141,$87,$107,$156,$175,$325,$108,$174,$183,$100,$139,$225,$91,$283,$363,$117,$246,$107,$134,$239,$89,$139,$238,$128,$123,$73,$308,$275,$109,$283,$170,$200,$168,$151,$129,$163,$150,$122,$175,$85,$163,$176,$148,$95,$129,$165,$129,$245,$186,$175,$100,$154,$99,$207,$176,$70,$183,$119,$230,$167,$253,$88,$126,$150,$240,$156,$165,$86,$169,$89,$80,$159,$126,$147,$265,$179,$75,$98,$120,$95,$95,$163,$211,$320,$185,$93,$300,$96,$150,$98,$241,$159,$97,$162,$179,$182,$243,$230,$120,$123,$280,$298,$130,$83,$176,$88,$152,$392,$237,$107,$195,$56,$112,$76,$77,$129,$175,$193,$127,$199,$306,$159,$151,$157,$255,$155,$191,$93,$112,$167,$219,$92,$83,$293,$159,$110,$196,$80,$229,$91,$99,$120,$187,$128,$282,$91,$115,$175,$68,$131,$204,$245,$110,$95,$175,$199,$228,$310,$110,$205,$98,$324,$133,$275,$154,$175,$145,$87,$245,$136,$179,$133,$229,$329,$125,$200,$95,$259,$147,$131,$229,$252,$150,$184,$219,$83,$200,$305,$126,$253,$70,$119,$98,$441,$138,$55,$91,$207,$178,$195,$139,$96,$130,$137,$127,$217,$158,$160,$152,$235,$87,$90,$150,$175,$135,$300,$153,$325,$237,$156,$363,$111,$150,$112,$89,$97,$211,$284,$254,$243,$176,$533,$172,$205,$265,$118,$116,$255,$175,$115,$149,$143,$195,$157,$175,$176,$175,$190,$111,$80,$228,$249,$350,$270,$109,$127,$148,$113,$126,$99,$203,$255,$249,$95,$179,$127,$75,$149,$299,$158,$211,$105,$340,$126,$155,$99,$98,$235,$837,$140,$144,$117,$144,$89,$157,$250,$159,$122,$225,$179,$151,$80,$229,$165,$155
1,$135,$105,$209,$160,$137,$220,$366,$102,$180,$99,$245,$168,$216,$100,$119,$286,$120,$157,$103,$218,$299,$91,$210,$245,$239,$196,$150,$283,$150,$95,$135,$324,$132,$144,$119,$116,$118,$113,$67,$147,$237,$295,$175,$77,$159,$250,$140,$299,$89,$99,$214,$146,$142,$250,$161,$109,$106,$122,$156,$138,$175,$100,$130,$293,$99,$295,$121,$119,$129,$375,$251,$185,$100,$124,$119,$119,$187,$175,$120,$139,$150,$299,$170,$197,$90,$133,$97,$233,$89,$150,$144,$93,$100,$151,$125,$121,$225,$110,$171,$158,$116,$175,$198,$78,$298,$129,$160,$224,$175,$100,$162,$158,$60,$93,$191,$172,$172,$124,$199,$128,$126,$71,$364,$191,$149,$118,$230,$197,$115,$109,$210,$423,$193,$189,$111,$75,$132,$249,$153,$126,$99,$174,$169,$146,$134,$143,$135,$64,$175,$169,$75,$57,$225,$223,$175,$201,$161,$137,$117,$166,$215,$101,$135,$135,$149,$107,$326,$188,$225,$351,$185,$168,$483,$216,$294,$90,$103,$133,$163,$127,$276,$165,$88,$225,$122,$150,$326,$450,$355,$66,$237,$125,$132,$100,$129,$280,$163,$180,$96,$175,$100,$133,$225,$209,$220,$139,$210,$145,$95,$131,$150,$175,$66,$135,$329,$154,$50,$158,$176,$164,$222,$99,$199,$634,$120,$106,$99,$120,$196,$201,$81,$231,$150,$179,$160,$110,$89,$235,$180,$140,$115,$95,$168,$97,$149,$175,$80,$181,$100,$487,$186,$110,$118,$201,$206,$125,$214,$252,$75,$249,$150,$140,$199,$356,$184,$325,$144,$210,$124,$118,$160,$150,$131,$303,$244,$90,$178,$139,$155,$203,$237,$219,$159,$181,$78,$101,$132,$300,$338,$315,$99,$128,$120,$111,$126,$266,$146,$200,$299,$600,$144,$95,$109,$137,$219,$158,$89,$200,$300,$150,$305,$266,$98,$137,$99,$80,$198,$142,$106,$311,$546,$100,$119,$293,$130,$215,$398,$216,$294,$139,$305
2,$585,$120,$135,$173,$202,$97,$559,$166,$199,$117,$165,$185,$120,$109,$289,$245,$107,$85,$181,$270,$279,$113,$264,$320,$106,$169,$245,$115,$204,$175,$167,$149,$108,$55,$152,$94,$281,$144,$93,$144,$248,$250,$132,$122,$80,$132,$268,$399,$129,$200,$449,$135,$159,$96,$215,$178,$199,$299,$175,$145,$136,$165,$400,$499,$75,$504,$218,$125,$135,$100,$219,$350,$222,$71,$125,$91,$173,$228,$110,$114,$250,$219,$200,$199,$175,$159,$108,$191,$61,$107,$238,$135,$125,$39,$189,$191,$377,$157,$167,$176,$123,$197,$115,$81,$131,$117,$115,$309,$117,$124,$192,$176,$373,$60,$321,$120,$120,$195,$144,$178,$110,$100,$213,$187,$245,$201,$218,$200,$97,$181,$173,$235,$300,$78,$113,$175,$90,$173,$190,$99,$100,$97,$130,$240,$135,$154,$585,$90,$260,$128,$119,$103,$199,$241,$173,$319,$365,$157,$101,$98,$250,$129,$300,$86,$185,$213,$195,$175,$215,$309,$143,$147,$285,$110,$432,$224,$200,$250,$173,$119,$175,$93,$85,$97,$75,$176,$118,$148,$100,$135,$248,$120,$159,$164,$190,$260,$79,$333,$85,$206,$159,$159,$150,$130,$150,$85,$173,$124,$120,$151,$190,$118,$135,$133,$100,$185,$56,$79,$164,$110,$156,$125,$169,$137,$220,$107,$61,$178,$85,$200,$78,$289,$137,$141,$198,$240,$114,$196,$70,$185,$131,$99,$243,$73,$149,$199,$103,$103,$164,$216,$95,$559,$132,$140,$320,$355,$449,$256,$284,$93,$162,$170,$144,$405,$226,$850,$238,$264,$250,$258,$173,$218,$152,$403,"$2,010",$174,$143,$145,$189,$152,$248,$106,$99,$305,$150,$96,$159,$240,$158,$200,$75,$187,$195,$151,$159,$465,$167,$177,$279,$109,$175,$106,$150,$112,$264,$110,$226,$72,$240,$80,$120,$465,$116,$106,$191,$148,$175,$122,$125,$196,$195,$103,$209,$164,$273,$145,$233,$110,$432,$145,$120
3,$476,$204,$181,$134,$148,$265,$110,$126,$142,$60,$121,$152,$135,$170,$166,$280,$148,$121,$90,$340,$458,$140,$283,$226,$235,$229,$265,$98,$241,$217,$200,$179,$61,$97,$214,$79,$124,$122,$65,$175,$275,$235,$148,$160,$101,$116,$129,$194,$149,$192,$250,$106,$385,$229,$108,$224,$199,$150,$262,$200,$127,$173,$332,$164,$317,$124,$189,$319,$81,$160,$199,$242,$135,$89,$124,$140,$259,$209,$135,$139,$295,$160,$202,$109,$180,$264,$122,$216,$141,$242,$237,$110,$113,$43,$69,$252,$250,$125,$88,$164,$125,$87,$164,$99,$92,$140,$100,$127,$111,$105,$249,$117,$175,$68,$316,$191,$191,$179,$200,$115,$132,$86,$94,$325,$265,$219,$255,$248,$150,$122,$208,$132,$491,$200,$155,$153,$123,$156,$132,$116,$123,$65,$185,$188,$107,$146,$476,$92,$275,$150,$147,$154,$226,$175,$120,$236,$324,$178,$116,$137,$125,$125,$169,$130,$163,$191,$513,$317,$207,$164,$153,$101,$165,$150,$308,$199,$96,$99,$259,$187,$203,$109,$200,$158,$157,$93,$304,$311,$252,$109,$275,$229,$275,$250,$207,$225,$99,$179,$230,$241,$126,$264,$283,$263,$196,$94,$208,$157,$125,$324,$135,$210,$109,$249,$133,$175,$58,$123,$157,$110,$208,$170,$225,$303,$243,$246,$162,$108,$120,$300,$141,$225,$159,$269,$197,$191,$119,$175,$120,$131,$168,$139,$199,$110,$130,$175,$128,$90,$132,$223,$66,$366,$176,$85,$248,$167,$250,$104,$149,$189,$178,$145,$200,$208,$346,$418,$237,$283,$145,$320,$134,$145,$156,$845,$195,$231,$172,$129,$110,$188,$275,$129,$235,$118,$78,$100,$275,$132,$132,$173,$317,$119,$226,$159,$104,$227,$257,$76,$458,$107,$245,$178,$142,$179,$209,$109,$300,$179,$177,$200,$250,$174,$97,$130,$149,$175,$208,$125,$136,$160,$264,$130,$147,$351,$648,$209,$112,$150,$308,$136,$250
4,$365,$199,$239,$233,$140,$207,"$1,500",$151,$295,$196,$271,$197,$84,$179,$90,$310,$175,$111,$148,$152,$295,$103,$181,$165,$95,$324,$144,$122,$190,$255,$120,$304,$99,$275,$142,$79,$144,$80,$93,$256,$221,$375,$220,$120,$199,$82,$140,$210,$86,$146,$250,$98,$322,$156,$190,$202,$89,$147,$282,$195,$200,$209,$175,$162,$82,$193,$299,$243,$176,$284,$122,$327,$126,$130,$117,$201,$135,$165,$282,$129,$129,$265,$140,$137,$202,$81,$199,$201,$187,$273,$239,$73,$108,$210,$190,$87,$171,$135,$125,$157,$104,$197,$171,$100,$98,$154,$336,$250,$101,$145,$258,$70,$200,$79,$246,$103,$198,$150,$216,$112,$173,$77,$350,$200,$144,$105,$448,$262,$115,$147,$197,$122,$400,$173,$142,$84,$195,$189,$123,$114,$600,$120,$162,$590,$157,$350,$365,$85,$124,$99,$113,$139,$299,$470,$229,$300,$466,$173,$111,$69,$235,$61,$400,$150,$112,$82,$170,$102,$149,$350,$194,$121,$166,$131,$175,$94,$188,$99,$135,$163,$200,$200,$93,$185,$150,$146,$142,$100,$226,$100,$221,$95,$202,$132,$187,$225,$100,$304,$299,$260,$130,$81,$165,$140,$196,$107,$197,$103,$130,$215,$227,$130,$100,$935,$101,$135,$152,$133,$177,$195,$210,$107,$132,$400,$150,$347,$160,$119,$280,$219,$135,$200,$149,$132,$99,$213,$128,$140,$114,$180,$97,$459,$181,$150,$195,$150,$119,$184,$120,$201,$161,$590,$159,$401,$139,$151,$250,$227,$162,$145,$53,$173,$216,$179,$146,$405,$239,$181,$210,$175,$233,$151,$115,$181,$184,$65,$199,$155,$180,$133,$221,$244,$142,$371,$99,$96,$202,$174,$250,$100,$82,$163,$87,$156,$95,$395,$401,$300,$295,$104,$199,$112,$96,$93,$254,$101,$454,$86,$375,$204,$142,$240,$93,$90,$515,$391,$225,$98,$99,$640,$125,$197,$115,$309,$101,$86,$179,$131,$175,$185,$142
5,$250,$87,$90,$148,$250,$80,$106,$121,$171,$85,$198,$281,$84,$127,$126,$451,$217,$147,$168,$355,$260,$106,$188,$323,$500,$241,$654,$105,$202,$415,$72,$150,$112,$144,$125,$289,$210,$93,$115,$150,$206,$425,$112,$91,$88,$207,$212,$447,$67,$140,$309,$152,$299,$625,$153,$162,$93,$145,$139,$130,$154,$223,$189,$351,$294,$304,$126,$250,$324,$130,$177,$238,$211,$126,$205,$88,$188,$173,$300,$97,$177,$405,$165,$225,$200,$143,$279,$314,$183,$267,$300,$110,$302,$100,$250,$208,$266,$107,$105,$315,$177,$115,$168,$87,$145,$199,$126,$150,$254,$150,$172,$132,$137,$90,$276,$198,$103,$97,$129,$93,$302,$106,$269,$174,$654,$122,$302,$297,$150,$196,$239,$144,$630,$225,$175,$275,$149,$200,$98,$89,$129,$112,$169,$249,$150,$172,$250,$89,$151,$118,$267,$149,$132,$300,$300,$200,$350,$160,$175,$147,$102,$220,$196,$216,$350,$175,$129,$125,$270,$369,$189,$199,$134,$108,$168,$165,$350,$90,$188,$122,$110,$134,$211,$145,$114,$150,$125,$181,$220,$200,$206,$85,$200,$235,$123,$228,$150,$150,$89,$216,$150,$143,$307,$126,$245,$141,$239,$178,$156,$226,$109,$110,$200,$841,$83,$160,$155,$141,$158,$95,$153,$153,$395,$296,$132,$139,$52,$160,$199,$94,$81,$172,$151,$98,$300,$142,$225,$172,$159,$159,$228,$200,$170,$67,$241,$161,$125,$168,$92,$165,$210,$183,$200,$125,$145,$145,$187,$229,$319,$375,$178,$95,$129,$135,$349,$380,$300,$135,$303,$275,$148,$133,$230,$425,$325,$110,$175,$170,$183,$250,$206,$153,$166,$336,$111,$150,$200,$187,$128,$132,$294,$179,$99,$122,$109,$174,$200,$350,$260,$122,$200,$170,$159,$118,$243,$150,$235,$93,$350,$190,$141,$320,$237,$82,$185,$194,$418,$150,$219,$151,$119,$155,$132,$233,$161,$208,$208,$108,$168,$102,$141
6,$111,$89,$207,$280,$211,$81,$183,$286,$119,$125,$145,$147,$125,$162,$149,$237,$125,$119,$184,$167,$185,$99,$135,$191,$272,$283,$175,$277,$199,$288,$173,$400,$112,$126,$100,$80,$150,$189,$100,$315,$139,$185,$166,$207,$103,$209,$196,$275,$90,$135,$187,$81,$361,$99,$106,$235,$310,$255,$225,$148,$175,$70,$125,$135,$83,$159,$77,$202,$110,$196,$121,$694,$117,$140,$220,$121,$206,$200,$178,$195,$88,$208,$304,$195,$221,$169,$219,$190,$225,$114,$246,$109,$142,$69,$119,$280,$125,$71,$303,$296,$152,$396,$150,$101,$125,$154,$160,$384,$151,$207,$225,$173,$58,$165,$199,$166,$166,$165,$250,$216,$133,$113,$350,$159,$175,$249,$271,$413,$150,$120,$235,$130,$417,$238,$175,$111,$300,$200,$150,$126,$129,$322,$200,$188,$175,$149,$111,$250,$134,$97,$121,$121,$122,$371,$125,$149,$577,$319,$97,$100,$125,$79,$293,$80,$130,$125,$265,$625,$238,$195,$135,$210,$365,$99,$130,$93,$96,$341,$128,$177,$315,$135,$173,$107,$125,$315,$109,$184,$151,$110,$139,$130,$193,$176,$117,$219,$160,$186,$150,$251,$135,$169,$129,$414,$120,$144,$235,$249,$276,$139,$233,$130,$110,$92,$153,$103,$156,$219,$315,$87,$196,$129,$185,$531,$234,$587,$105,$799,$249,$159,$118,$259,$153,$126,$168,$377,$147,$187,$125,$143,$223,$109,$182,$112,$300,$369,$100,$345,$144,$95,$240,$106,$104,$215,$175,$127,$309,$67,$85,$75,$442,$178,$250,$159,$235,$195,$223,$188,$437,$128,$280,$129,$119,$315,$107,$177,$189,$212,$147,$80,$139,$495,$350,$155,$215,$86,$193,$300,$120,$208,$83,$122,$94,$175,$121,$445,$105,$125,$185,$151,$189,$165,$148,$106,$176,$163,$115,$117,$189,$286,$87,$131,$110,$144,$411,$178,$295,$122,$114,$88,$129,$139,$253,$125,$189,$253,$83,$99,$130,$122,$87
7,$502,$166,$814,$168,$135,$325,$169,$200,$129,$100,$83,$159,$128,$139,$112,$170,$113,$162,$162,$345,$141,$71,$209,$219,$407,$232,$202,$159,$170,$142,$195,$180,$101,$241,$279,$86,$179,$112,$91,$300,$216,$107,$195,$240,$94,$142,$181,$486,$76,$115,$399,$180,$261,$290,$147,$104,$305,$217,$264,$154,$167,$144,$195,$195,$124,$241,$120,$220,$95,$295,$349,$475,$122,$176,$117,$131,$300,$165,$160,$87,$283,$309,$183,$160,$350,$80,$94,$457,$121,$260,$223,$89,$108,$190,$125,$562,$157,$60,$237,$177,$54,$164,$249,$73,$83,$204,$71,$180,$203,$115,$249,$138,$64,$115,$235,$193,$193,$188,$199,$97,$246,$149,$137,$314,$103,$115,$271,$227,$229,$135,$300,$148,$595,$100,$126,$132,$299,$136,$121,$123,$228,$138,$127,$175,$106,$308,$502,$99,$175,$89,$85,$120,$199,$157,$130,$279,$550,$125,$299,$125,$133,$185,$127,$52,$160,$157,$550,$136,$82,$654,$125,$100,$99,$308,$208,$162,$145,$141,$300,$179,$324,$170,$128,$490,$109,$254,$150,$450,$336,$250,$256,$149,$310,$150,$164,$345,$137,$200,$139,$212,$100,$80,$120,$215,$197,$185,$300,$123,$166,$200,$217,$200,$250,$110,$154,$136,,$147,$296,$366,$235,$167,$150,$149,$89,$162,$390,$130,$350,$435,$124,$154,$133,$150,$185,$269,$154,$227,$85,$253,$101,$146,$190,$168,$250,$212,$161,$109,$86,$175,$143,$264,$168,$291,$221,$185,$399,$541,$229,$157,$301,$101,$199,$280,$186,$299,$246,$209,$138,$125,$168,$95,$136,$468,$205,$69,$300,$199,$241,$130,$256,$160,$109,$362,$150,$75,$310,$399,$170,$160,$124,$270,$166,$299,$104,$240,$157,$85,$141,$176,$226,$136,$277,$224,$139,$171,$75,$85,$209,$221,$299,$101,$99,$120,$349,$215,$169,$179,$150,$97,$117,$121,$152,$136,$121,$155,$157,$308,$208,$125,$299
8,$199,$99,$107,$144,$215,$156,$577,$135,$275,$120,$148,$415,$125,$107,$170,$500,$76,$534,$109,$215,$349,$60,$111,$241,$170,$179,$103,$180,$207,$215,$128,$202,$200,$299,$150,$196,$379,$213,$65,$160,$257,$121,$300,$145,$109,$350,$125,$269,$105,$179,$270,$126,$231,$104,$137,$149,$130,$337,$94,$302,$228,$297,$369,$309,$85,$129,$104,$132,$192,$215,$257,$180,$179,$252,$146,$125,$174,$298,$245,$137,$159,$333,$140,$231,$164,$181,$211,$160,$152,$137,$320,$111,$117,$118,$150,$154,$271,$80,$55,$168,$301,$196,$172,$109,$159,$404,$225,$79,$67,$184,$237,$217,$75,$299,$308,$161,$218,$352,$161,$214,$189,$158,$391,$152,$202,$97,$130,$112,$296,$155,$274,$226,$94,$179,$252,$180,$99,$119,$129,$97,$436,$137,$257,$279,$117,$180,$312,$217,$253,$74,$185,$135,$349,$195,$177,$175,$177,$112,$88,$110,$100,$225,$164,$118,$222,$199,$199,$302,$229,$239,$150,$140,$150,$87,$495,$137,$292,$104,$206,$172,$135,$149,$120,$173,$160,$179,$125,$77,$274,$199,$216,$156,$182,$213,$142,$186,$98,$166,$381,$202,$145,$181,$109,$150,$85,$141,$274,$151,$85,$185,$185,$352,$199,$143,$127,$115,,$229,$140,$300,$129,$116,$190,$225,$243,$111,$46,$233,$200,$205,$119,$399,$185,$179,$333,$166,$112,$125,$207,$135,$131,$150,$263,$101,$125,$125,$175,$264,$297,$151,$181,$169,$169,$270,$256,$84,$270,$237,$255,$251,$224,$102,$161,$263,$176,$256,$320,$111,$115,$80,$144,$170,$200,$301,$116,$147,$225,$145,$201,$59,$216,$229,$99,$317,$100,$150,$182,$120,$345,$375,$85,$172,$642,$316,$149,$320,$132,$150,$349,$66,$319,$95,$201,$232,$131,$125,$129,$182,$215,$453,$151,$227,$160,$97,$350,$165,$200,$199,$125,$125,$116,$121,$125,$144,$140,$157,$194,$87,$495,$135,$151
9,$312,$79,$165,$613,$260,$355,$250,$298,$230,$139,$231,$153,$129,$140,$142,$450,$115,$198,$260,$275,$151,$79,$135,$200,$112,$229,$191,$239,$125,$92,$124,$186,$95,$147,$185,$221,$147,$80,$90,$136,$320,$407,$148,$96,$107,$124,$133,$295,$85,$198,$243,$155,$174,$150,$252,$93,$381,$191,$173,$189,$238,$169,$135,$138,$166,$225,$143,$169,$153,$157,$135,$151,$93,$163,$132,$248,$206,$193,$375,$97,$147,$264,$342,$230,$181,$100,$89,$195,$155,$175,$139,$141,$385,$79,$154,$133,$190,$175,$196,$140,$225,$200,$213,$106,$136,$116,$150,$172,$158,$235,$195,$85,$155,$209,$228,$299,$161,$167,$130,$265,$139,$149,$93,$249,$191,$110,$271,$342,$85,$246,$250,$110,"$1,019",$262,$156,$201,$230,$99,$89,$165,$155,$111,$161,$185,$100,$437,$326,$165,$175,$193,$120,$132,$107,$250,$450,$221,$452,$161,$190,$108,$254,$200,$188,$89,$399,$181,$92,$226,$285,$152,$148,$282,$159,$175,$119,$175,$261,$100,$174,$375,$148,$226,$79,$133,$109,$82,$199,$290,$323,$192,$320,$291,$300,$245,$235,$246,$121,$309,$85,$390,$142,$100,$173,$98,$225,$344,$250,$90,$125,$260,$641,$76,$192,$123,$140,$129,,$140,$147,$117,$143,$136,$350,$228,$131,$254,$100,$137,$91,$495,$112,$200,$140,$158,$88,$120,$195,$115,$225,"$1,720",$133,$140,$358,$62,$176,$115,$83,$285,$87,$480,$178,$103,$133,$215,$176,$95,$243,$400,$135,$103,$106,$190,$130,$193,$191,$331,$139,$135,$195,$176,$613,$129,$141,$379,$221,$80,$109,$94,$115,$323,$320,$468,$149,$223,$89,$93,$300,$176,$168,$72,$166,$177,$99,$133,$232,$241,$247,$171,$151,$409,$300,$154,$170,$193,$201,$98,$520,$226,$295,$147,$185,$299,$100,$105,$246,$155,$150,$179,$185,$85,$130,$148,$191,$350,$149,$221,$325,$175,$119,$243,$185
10,$326,$248,$118,$276,$447,$145,$250,$333,$195,$179,$155,$152,$193,$107,$215,$280,$107,$177,$175,$196,$197,$103,$85,$350,$145,$377,$132,$407,$271,$109,$210,$111,$105,$372,$116,$89,$149,$145,$103,$296,$145,$117,$220,$104,$156,$252,$148,$193,$93,$311,$225,$142,$309,$99,$227,$250,$88,$170,$184,$170,$129,$142,$148,$292,$145,$93,$100,$71,$160,$270,$178,$158,$140,$113,$300,$268,$356,$217,$179,$158,$165,$520,$277,$197,$70,$93,$82,$241,$88,$135,$200,$204,$175,$95,$105,$100,$188,$347,$100,$124,$298,$105,$138,$86,$269,$319,$142,$300,$200,$116,$199,$162,$131,$260,$129,$218,$299,$298,$119,$135,$436,$88,$149,$186,$132,$300,$227,$547,$68,$208,$250,$247,$200,$72,$104,$106,$238,$178,$127,$133,$160,$175,$280,$346,$70,$440,$199,$86,$134,$175,$312,$489,$131,$305,$100,$191,$513,$141,$151,$355,$225,$354,$266,$196,$144,$140,$150,$415,$218,$267,$248,$93,$76,$112,$250,$114,$225,$147,$127,$270,$350,$115,$110,$542,$259,$126,$125,$206,$250,$138,$145,$106,$188,$109,$464,$433,$70,$307,$195,$380,$83,$93,$165,$156,$318,$195,$250,$299,$199,$173,$198,$126,$138,$93,$109,$141,,$209,$124,$370,$300,$119,$248,$141,$110,$241,$142,$245,$175,$257,$88,$230,$170,$269,$187,$420,$150,$87,$70,$190,$115,$174,$187,$195,$159,$225,$140,$309,$119,$110,$116,$450,$87,$125,$275,$129,$358,$274,$725,$275,$91,$177,$119,$351,$150,$408,$200,$85,$165,$455,$276,$176,$895,$295,$216,$325,$114,$114,$175,$309,$145,$520,$129,$261,$130,$95,$188,$209,$308,$375,$145,$188,$299,$198,$165,$131,$900,$251,$197,$52,$285,$111,$160,$162,$219,$245,$159,$125,$116,$197,$96,$395,$160,$264,$995,$119,$191,$157,$240,$63,$230,$132,$165,$139,$111,$132,$281,$112,$250,$221,$96
11,$264,$92,$210,$250,$209,$113,$590,$197,$129,$99,$150,$167,$131,$134,$219,$209,$153,$245,$234,$209,$220,$88,$185,$316,$331,$229,$335,$75,$152,$272,$389,$309,$99,$197,$200,$108,$151,$151,$124,$141,$176,$325,$75,$156,$299,$192,$222,$150,$109,$137,$358,$209,$147,$190,$103,$243,$100,$94,$259,$102,$162,$300,$289,$135,$123,$83,$280,$260,$350,$880,$305,$143,$292,$130,$495,$243,$229,$237,$324,$105,$195,$176,$254,$126,$206,$249,$87,$297,$150,$345,$188,$148,$171,$219,$120,$155,$285,$119,$73,$306,$102,$299,$250,$85,$195,$176,$125,$150,$155,$149,$170,$93,$60,$130,$224,$238,$238,$87,$146,$147,$191,$101,$224,$294,$335,$375,$595,$517,$177,$223,$337,$201,$248,$299,$151,$133,$138,$152,$151,$490,$275,$400,$160,$254,$179,$340,$146,$133,$240,$105,$95,$86,$125,$96,$121,$185,$353,$196,$203,$128,$301,$249,$165,$185,$135,$169,$100,$228,$285,$313,$129,$173,$138,$120,$196,$215,$90,$236,$206,$268,$333,$75,$85,$137,$142,$191,$203,$151,$145,$71,$176,$276,$165,$429,$237,$500,$257,$415,$320,$337,$196,$249,$139,$112,$169,$141,$337,$399,$185,$260,$200,$200,$71,$107,$109,$100,,$123,$100,$167,$305,$100,$225,$150,$275,$210,$160,$239,$157,$129,$149,$275,$233,$139,$111,$324,$115,$104,$113,$150,$275,$225,$150,$64,$170,$152,$97,$148,$142,$219,$358,$300,$121,$900,$216,$150,$225,$89,$101,$249,$89,$169,$146,$243,$91,$155,$188,$191,$107,$135,$250,$185,$144,$450,$89,$105,$143,$156,$126,$250,$176,$101,$89,$250,$329,$145,$165,$225,$400,$275,$123,$375,$220,$326,$145,$97,$599,$80,$220,$67,$285,$79,$180,$246,$155,$245,$325,$112,$195,$100,$234,$539,$136,$140,$71,$240,$498,$165,$131,$150,$152,$276,$198,$207,$129,$380,$507,$120,$196,$299,$234
12,$146,$130,$144,$411,$233,$220,$103,$200,$450,$247,$176,$533,$279,$99,$179,$209,$248,$100,$285,$283,$349,$80,$191,$233,$204,$225,$203,$128,$154,$196,$132,$166,$227,$131,$173,$101,$131,$251,$111,$300,$212,$105,$77,$202,$178,$102,$194,$136,$318,$235,$256,$136,$225,$143,$253,$166,$89,$400,$101,$325,$171,$230,$201,$152,$152,$306,$589,$140,$253,$478,$394,$104,$133,$201,$145,$147,$175,$222,$264,$186,$377,$195,$250,$190,$78,$90,$137,$142,$190,$111,$239,$133,$425,$293,$97,$117,$320,$350,$120,$147,$115,$434,$115,$76,$150,$114,$150,$154,$142,$550,$202,$110,$109,$150,$184,$239,$239,$130,$149,$250,$293,$127,$150,$300,$203,$159,$195,$422,$129,$185,$216,$225,$800,$156,$227,$68,$95,$895,$105,$231,$140,$325,$250,$369,$100,$303,$264,$66,$232,$65,$170,$92,$107,$161,$162,$198,$100,$199,$136,$298,$172,$120,$309,$95,$153,$135,$89,$185,$325,$305,$178,$138,$195,$217,$224,$230,$350,$114,$229,$192,$359,$249,$180,$257,$200,$128,$180,$240,$250,$115,$212,$264,$158,$299,$237,$458,$140,$205,$85,$304,$201,$90,$105,$87,$95,$178,$216,$228,$119,$200,$213,$220,$115,$76,$189,$110,,$125,$147,$227,$201,$99,$250,$131,$250,$142,$300,$467,$175,$233,$230,$250,$136,$194,$230,$559,$149,$175,$75,$100,$204,$168,$325,$69,$255,$127,$95,$238,$59,$96,$110,$250,$225,$590,$290,$118,$254,$251,$68,$213,$253,$150,$149,$230,$207,$180,$239,$185,$153,$177,$445,$106,$226,$302,$153,$57,$195,$140,$125,$325,$212,$400,$159,$709,$76,$75,$158,$519,$299,$84,$152,$192,$299,$155,$92,$101,$125,$90,$349,$303,$310,$94,$301,$99,$287,$123,$99,$159,$306,$495,$173,$137,$98,$89,$300,$229,$500,$113,$264,$99,$136,$190,$59,$467,$185,$279,$175,$217,$224,$134,$173
13,$255,$172,$169,$445,$281,$122,$225,$387,$152,$89,$83,$190,$120,$112,$126,$273,$110,$149,$345,$327,$365,$93,$119,$278,$225,$226,$166,$130,$177,$112,$154,$231,$99,$149,$203,$151,$87,$464,$91,$430,$205,$260,$331,$377,$111,$138,$256,$126,$735,$149,$313,$135,$269,$172,$171,$140,$251,$52,$225,$150,$180,$186,$312,$313,$168,$295,$141,$250,$159,$240,$167,$175,$230,$97,$345,$128,$127,$270,$161,$189,$250,$175,$291,$299,$99,$226,$85,$214,$127,$230,$302,$149,$113,$125,$210,$170,$850,$141,$155,$260,$131,$306,$136,$280,$127,$235,$216,$102,$214,$115,$258,$152,$115,$250,$307,$205,$197,$110,$195,$125,$302,$150,$347,$344,$288,$182,$325,$275,$100,$197,$234,$154,$215,$127,$256,$174,$299,$500,$170,$119,$150,$123,$162,$305,$85,$500,$331,$199,$139,$59,$151,$125,$78,$165,$196,$165,$326,$103,$100,$78,$89,$150,$157,$231,$263,$77,$85,$85,$350,$145,$197,$107,$118,$175,$259,$276,$125,$138,$119,$306,$210,$96,$94,$180,$224,$268,$177,$100,$456,$99,$205,$202,$134,$325,$160,$126,$123,$265,$114,$236,$110,$226,$307,$69,$95,$110,$234,$110,$122,$107,$239,$124,$99,$177,$65,$147,,$115,$161,$605,$475,$85,$395,$300,$145,$248,$120,$466,$525,$300,$151,$250,$178,$149,$106,$129,$146,$95,$72,$175,$630,$127,$247,$101,$416,$230,$153,$234,$149,$242,$220,$175,$166,$217,$189,$265,$313,$113,$101,$168,$270,$121,$195,$206,$161,$379,$302,$119,$192,$147,$411,$89,$138,$325,$172,$289,$175,$247,$224,$102,$205,$246,$76,$363,$127,$121,$134,$376,$661,$139,$168,$268,$284,$104,$155,$101,$230,$79,$365,$275,$524,$107,$331,$188,$132,$141,$110,$118,$154,$218,$125,$200,$100,$74,$183,$480,$90,$159,$178,$447,$165,$157,$115,$313,$196,$325,$259,$175,$259,$143,$125
14,$210,$115,$131,$368,$200,$105,$103,$228,$155,$176,$127,$248,$249,$101,$72,$458,$145,$96,$264,$160,$224,$83,$200,$269,$220,$315,$288,$152,$187,$185,$84,$175,$82,$178,$115,$69,$121,$141,$63,$172,$413,$400,$234,$329,$100,$312,$171,$418,$300,$395,$273,$192,$180,$145,$131,$179,$71,$175,$99,$150,$125,$539,$177,$324,$125,$244,$94,$172,$199,$252,$167,$163,$250,$176,$180,$115,$245,$213,$217,$254,$230,$121,$233,$126,$154,$132,$440,$143,$190,$161,$145,$173,$169,$87,$299,$601,$109,$331,$189,$174,$63,$293,$153,$94,$149,$159,$240,$176,$247,$124,$135,$272,$111,$239,$181,$197,$205,$240,$176,$140,$337,$280,$212,$133,$166,$202,$438,$351,$91,$98,$295,$216,$205,$128,$176,$171,$128,$166,$335,$126,$314,$184,$348,$199,$124,$194,$255,$172,$162,$109,$375,$180,$175,$467,$119,$265,$114,$181,$110,$120,$248,$158,$145,$228,$170,$169,$99,$648,$103,$466,$185,$114,$215,$165,$617,$269,$331,$100,$356,$173,$234,$245,$85,$119,$158,$281,$56,$189,$104,$158,$225,$166,$260,$400,$151,$354,$159,$137,$119,$284,$85,$132,$88,$162,$130,$105,$295,$211,$110,$200,$384,$80,$158,$275,$127,$187,,$180,$260,$256,$401,$185,$237,$175,$179,$111,$160,$155,$188,$243,$152,$349,$145,$99,$160,$307,$230,$259,$91,$328,$130,$150,$199,$76,$209,$115,$179,$137,$95,$227,$229,$214,$87,$465,$305,$218,$273,$155,$110,$122,$297,$78,$176,$157,$387,$135,$145,$126,$143,$220,$368,$183,$189,$589,$319,$159,$152,$153,$160,$188,$225,$861,$221,$242,$400,$124,$260,$167,$149,$120,$125,$175,$86,$142,$120,$200,$160,$116,$224,$105,$127,$154,$186,$236,$180,$132,$152,$152,$399,$96,$196,$101,$75,$112,$350,$237,$680,$125,$129,$166,$208,$220,$140,$195,$175,$260,$139,$165,$617,$233,$196
15,$265,$76,$151,$588,$108,$113,$264,$280,$195,$122,$145,$155,$108,$200,$66,$200,$179,$267,$135,$341,$285,$97,$126,$260,$247,$424,$168,$139,$190,$174,$249,$282,$115,$346,$130,$132,$196,$100,$112,$460,$225,$102,$315,$175,$129,$119,$135,$273,$142,$208,$358,$196,"$1,200",$133,$168,$688,$218,$200,$233,$330,$175,$150,$245,$350,$179,$233,$399,$122,$145,$297,$170,$193,$300,$219,$188,$195,$219,$249,$86,$113,$119,$245,$305,$209,$153,$143,$69,$320,$285,$119,$248,$141,$116,$89,$130,$295,$175,$386,$521,$216,$263,$227,$425,$102,$262,$120,$91,$162,$88,$202,$226,$127,$88,$85,$169,$127,$127,$850,$203,$168,$155,$120,$222,$171,$168,$750,$271,$457,$62,$145,$317,$204,$159,$193,$117,$186,$300,$116,$170,$153,$195,$289,$232,$321,$107,$165,$210,$87,$191,$89,$135,$96,$149,$280,$149,$165,$213,$202,$95,$137,$145,$75,$595,$110,$230,$74,$177,$186,$202,$300,$345,$289,$202,$230,$159,$135,$152,$151,$219,$135,$105,$106,$158,$93,$166,$326,$321,$189,$170,$275,$413,$125,$188,$195,$197,$251,$125,$350,$120,$551,$475,$143,$151,$99,$170,$380,$317,$166,$264,$264,$177,$85,$275,$148,$176,$283,,$125,$168,$86,$172,$165,$201,$230,$253,$98,$111,$240,$209,$65,$187,$200,$232,$173,$149,$282,$97,$250,$125,"$1,000",$326,$118,$298,$88,$219,$230,$199,$253,$224,$272,$109,$250,$78,$297,$225,$170,$358,$175,$275,$175,$106,$126,$203,$194,$327,$225,$263,$200,$146,$125,$588,$158,$265,$745,$214,$409,$543,$154,$101,$75,$413,$209,$155,$315,$71,$160,$188,$265,$104,$190,$179,$135,$162,$227,$150,$299,$400,$155,$283,$140,$350,$99,$192,$213,$240,$120,$215,$201,$133,$75,$228,$179,$108,$220,$913,$434,$226,$106,$135,$95,$174,$114,$104,$174,$136,$335,$71,$230,$159,$233,$228
16,$250,$79,$175,$254,$150,$105,$363,$200,$168,$89,$165,$168,$95,$225,$108,$313,$295,$89,$175,$341,$187,$39,$171,$205,$253,$220,$174,$88,$167,$202,$92,$181,$110,$175,$184,$69,$134,$157,$201,$194,$260,$190,$110,$200,$87,$149,$293,$149,$132,$198,$300,$171,$250,$397,$96,$144,$232,$281,$127,$97,$198,$250,$155,$366,$153,$341,$165,$530,$128,$349,$284,$608,$233,$250,$160,$96,$235,$259,$94,$168,$170,$224,$188,$240,$78,$143,$77,$290,$102,$194,$263,$153,$250,$90,$181,$113,$129,$211,$408,$296,$275,$137,$311,$97,$193,$170,$141,$200,$222,$100,$258,$98,$206,$141,$400,$153,$332,$257,$192,$137,$275,$225,$326,$148,$206,$210,$380,$297,$96,$146,$270,$126,$87,$191,$67,$125,$237,$99,$95,$207,$93,$140,$203,$274,$99,$147,$265,$240,$139,$79,$116,$95,$209,$250,$105,$350,$224,$95,$143,$266,$124,$245,$313,$109,$230,$129,$125,$100,$575,$377,$179,$120,$264,$110,$205,$189,$160,$145,$150,$175,$125,$150,$119,$200,$239,$214,$175,$189,$250,$172,$260,$130,$279,$180,$155,$255,$117,$93,$121,$281,$237,$257,$161,$48,$260,$131,$303,$148,$200,$212,$96,$93,$172,$109,$92,$187,,$202,$306,$211,$450,$178,$250,$499,$275,$116,$81,$406,$359,$377,$133,$275,$198,$137,$303,$363,$142,$119,$217,$90,$82,$145,$277,$190,$255,$602,$146,$135,$194,$248,$230,$577,$114,$135,$413,$135,$300,$446,$134,$143,$130,$126,$192,$121,$177,$224,$248,$402,$142,$132,$254,$127,$250,$399,$229,$91,$149,$170,$140,$83,$260,$360,$132,$324,$100,$106,$279,$200,$160,$180,$153,$173,$201,$295,$210,$239,$101,$150,$187,$135,$616,$110,$157,$93,$203,$295,$520,$193,$95,$229,$296,$239,$92,$245,$348,$92,$899,$114,$111,$325,$365,$187,$131,$148,$193,$131,$246,$110,$205,$86,$296
17,$175,$120,$89,$305,$182,$160,$175,$167,$350,$99,$221,$214,$195,$268,$62,$238,$154,$442,$234,$331,$349,$173,$116,$249,$350,$579,$206,$250,$189,$240,$208,$143,$149,$197,$136,$80,$179,$197,$95,$248,$241,$88,$310,$109,$160,$259,$153,$117,$81,$176,$295,$175,$207,$175,$158,$144,$175,$190,$139,$300,$198,$156,$289,$187,$99,$190,$167,$112,$122,$220,$219,$166,$120,$200,$240,$98,$308,$208,$120,$199,$475,$210,$224,$141,$230,$107,$77,$160,$350,$269,$175,$77,$325,$185,$133,$176,$165,$70,$158,$193,$102,$246,$255,$98,$218,$167,$123,$177,$347,$111,$175,$146,$117,$110,$129,$153,$153,$308,$158,$155,$365,$45,$550,$532,$174,$152,$159,$457,$67,$197,$138,$250,$463,$107,$159,$121,$200,$141,$350,$114,$153,$340,$153,$127,$249,$113,$250,$117,$253,$175,$135,$180,$151,$215,$149,$265,$200,$138,$108,$196,$124,$107,$700,$72,$331,$118,$223,$81,$690,$356,$102,$65,$99,$200,$100,$155,$210,$176,$245,$259,$262,$410,$104,$178,$89,$150,$166,$122,$325,$131,$241,$225,$191,$476,$317,$137,$120,$233,$112,$233,$135,$107,$170,$153,$250,$201,$270,$121,$85,$252,$349,$89,$172,$225,$99,$115,,$280,$296,$205,$125,$165,$225,$187,$200,$210,$85,$230,$113,$330,$99,$351,$188,$184,$354,$350,$245,$70,$74,$163,$87,$150,$187,$130,$218,$105,$119,$175,$62,$134,$192,$350,$121,$150,$260,$173,$295,$142,$110,$495,$500,$214,$158,$190,$225,$384,$175,$202,$116,$250,$219,$225,$275,$533,$243,$99,$82,$451,$175,$310,$241,$132,$169,$414,$81,$117,$191,$322,$138,$125,$99,$306,$211,$256,$138,$160,$92,$191,$349,$118,$291,$116,$270,$148,$127,$165,$85,$93,$98,$273,$199,$239,$59,$190,$138,$189,$245,$138,$136,$100,$255,$117,$155,$135,$295,$189,$194,$200,$100,$120,$199
18,$189,$208,$150,$305,$384,$96,$214,$171,$208,$139,$417,$152,$154,$161,$163,$800,$254,$182,$241,$350,$150,$87,$157,$575,$350,$300,$281,$133,$364,$202,$315,$205,$115,$175,$152,$160,$185,$143,$92,$300,$230,$97,$520,$200,$148,$259,$150,$160,$80,$225,$414,$170,$195,$86,$253,$375,$391,$213,$184,$327,$149,$149,$216,$239,$248,$203,$114,$124,$195,$299,$136,$165,$142,$132,$419,$121,$128,$212,$171,$116,$174,$209,$342,$105,$210,$299,$85,$239,$185,$105,$290,$200,$325,$90,$195,$226,$152,$115,$81,$300,$64,$125,$216,$153,$211,$84,$257,$119,$90,$275,$139,$51,$75,$158,$400,$108,$108,$130,$257,$301,$225,$81,$400,$274,$281,$297,$255,$344,$125,$124,$135,$135,$139,$77,$99,$267,$138,$265,$75,$136,$105,$80,$162,$455,$118,$250,$189,$89,$175,$92,$135,$90,$185,$275,$125,$159,$287,$575,$133,$177,$371,$167,$351,$88,$419,$79,$300,$103,$90,$670,$145,$175,$107,$156,$205,$269,$267,$95,$127,$259,$172,$126,$113,$154,$129,$197,$195,$279,$150,$420,$229,$276,$285,$180,$140,$205,$151,$391,$189,$221,$293,$299,$130,$80,$250,$135,$135,$196,$128,$320,$304,$79,$420,$168,$187,$185,,$181,$300,$73,$155,$120,$185,$231,$75,$142,$164,$221,$50,$193,$75,$225,$79,$151,$200,$239,$183,$98,$172,$244,$275,$150,$185,$160,$151,$110,$92,$234,$119,$188,$725,$225,$87,$110,$241,$89,$267,$122,$195,$120,$106,$270,$257,$198,$170,$585,$290,$119,$174,$250,$219,$173,$173,"$1,650",$191,$167,$355,$189,$245,$126,$229,$399,$150,$386,$123,$158,$285,$142,$150,$164,$248,$206,$191,$200,$302,$300,$97,$152,$150,$190,$399,$150,$153,$113,$391,$130,$119,$135,$410,$150,$101,$205,$129,$147,$98,$480,$250,$119,$150,$640,$224,$127,$164,$203,$144,$175,$139,$156,$250,$159,$101
19,$380,$100,$158,$99,$113,$92,$530,$251,$110,$189,$175,$362,$109,$140,$112,$207,$246,$94,$118,$209,$220,$97,$214,$195,$131,$175,$127,$100,$283,$133,$153,$105,$151,$178,$142,$136,$178,$94,$95,$225,$209,$104,$351,$185,$128,$375,$135,$233,$119,$125,$267,$260,$207,$99,$127,$334,$220,$92,$91,$175,$526,$160,$235,$267,$100,$195,$275,$139,$110,$300,$211,$137,$195,$225,$413,$166,$176,$213,$214,$252,$195,$263,$202,$241,$195,$175,$73,$270,$191,$111,$275,$405,$531,$190,$170,$198,$329,$131,$110,$216,$259,$187,$140,$116,$220,$95,$79,$150,$315,$169,$226,$144,$169,$75,$228,$176,$176,$110,$140,$137,$205,$150,$288,$419,$127,$260,$291,$296,$79,$180,$208,$410,$385,$184,$161,$142,$163,$185,$185,$114,$180,$340,$194,$323,$120,$409,$380,$100,$191,$65,$120,$228,$276,$343,$131,$267,$444,$202,$164,$190,$135,$225,$292,$89,$334,$118,$153,$156,$316,$385,$139,$150,$215,$184,$100,$135,$185,$90,$149,$259,$300,$234,$85,$107,$75,$94,$85,$210,$110,$295,$209,$220,$298,$219,$495,$342,$350,$111,$85,$355,$157,$175,$185,$140,$220,$245,$208,$500,$106,$320,$250,$354,$295,$300,$99,$110,,$199,$216,$176,"$2,450",$174,$227,$624,$132,$119,$141,$220,$140,$103,$152,$239,$76,$175,$336,$224,$129,$143,$39,"$1,000",$127,$167,$268,$73,$489,$648,$70,$241,$85,$360,$100,$175,$169,$389,$229,$150,$414,$175,$68,$90,$98,$234,$140,$125,$495,$280,$275,$209,$179,$440,$99,$150,$144,$533,$106,$87,$369,$143,$142,$299,$209,$136,$199,$284,$126,$99,$298,$151,$98,$167,$100,$259,$475,$252,$225,$160,$125,$165,$201,$189,$291,$100,$250,$93,$150,$83,$195,$77,$107,$237,$93,$160,$100,$83,$106,$225,$260,$137,$287,$181,$188,$249,$136,$160,$141,$191,$259,$184,$80,$136,$93
20,$244,$125,$89,$170,$135,$228,$295,$170,$450,$95,$153,$186,$95,$196,$232,$201,$121,$149,$162,$127,$201,$122,$145,$237,$201,$688,$190,$149,$210,$300,$125,$95,$151,$220,$136,$132,$205,$249,$98,$254,$475,$139,$220,$280,$155,$110,$225,$453,$128,$200,$587,$283,$257,$625,$124,$195,$124,$165,$160,$254,$153,$195,$130,$265,$124,$351,$182,$537,$169,$215,$251,$170,$141,$157,$200,$154,$149,$177,$177,$170,$277,$254,$291,$166,$111,$183,$68,$250,$425,$268,$214,$139,$350,$124,$133,$160,$177,$115,$98,$226,$151,$331,$195,$89,$187,$131,$103,$180,$161,$85,$202,$217,$450,$151,$356,$350,$350,$257,$165,$150,$204,$136,$157,$125,$190,$202,$399,$251,$155,$189,$257,$225,$141,$175,$295,$85,$237,$65,$95,$154,$121,$175,$185,$127,$127,$375,$244,$119,$172,$89,$250,$89,$100,$299,$100,$299,$443,$99,$122,$174,$125,$85,$167,$350,$270,$401,$123,$131,$208,$466,$150,$127,$225,$186,$358,$159,$153,$109,$175,$175,$166,$225,$101,$178,$142,$320,$124,$220,$123,$630,$475,$82,$241,$200,$179,$227,$201,$349,$147,$212,$195,$89,$98,$225,$100,$110,$257,$73,$264,$128,$140,$225,$630,$93,$95,$415,,$216,$226,$300,$159,$125,$171,$425,$200,$93,$160,$230,$115,$203,$119,$386,$297,$149,$87,$100,$124,$298,$70,$173,$138,$129,$177,$125,$259,$175,$125,$118,$126,$96,$230,$60,$140,$200,$209,$183,$587,$198,$149,$299,$442,$120,$165,$437,$341,$175,$305,$157,$215,$411,$170,$112,$176,$347,$144,$146,$104,$149,$185,$299,$475,$299,$198,$465,$81,$96,$241,$250,$194,$153,$124,$259,$195,$67,$170,$200,$105,$249,$220,$192,$125,$153,$270,$77,$203,$115,$221,$109,$175,$167,$140,$334,$89,$187,$205,$237,$348,$125,$170,$81,$200,$225,$197,$141,$113,$125,$77,$186,$232,$102,$140
21,$186,$100,$179,$180,$207,$298,$99,$121,$195,$295,$135,$214,$229,$107,$97,$403,$300,$178,$253,$124,$272,$95,$145,$160,$135,$399,$280,$201,$238,$79,$279,$225,$89,$144,$143,$211,$217,$249,$68,$248,$233,$345,$299,$97,$252,$257,$171,$242,$103,$139,$248,$281,$225,$200,$117,$195,$158,$165,$171,$221,$120,$140,$180,$152,$150,$126,$227,$250,$128,$331,$219,$260,$159,$130,$194,$109,$150,$203,$175,$203,$152,$193,$166,$305,$143,$236,$112,$297,$150,$312,$475,$101,$106,$185,$69,$160,$280,$115,$125,$100,$150,$348,$196,$102,$124,$139,$125,$196,$139,$92,$250,$216,$109,$119,$135,$177,$177,$163,$261,$328,$270,$89,$222,$173,$280,$88,$159,$297,$96,$143,$138,$245,$204,$299,$229,$160,$299,$144,$75,$114,$115,$147,$185,$325,$89,$138,$186,$95,$167,$89,$130,$135,$199,$190,$382,$169,$162,$178,$75,$166,$100,$146,$155,$94,$204,$109,$185,$111,$165,$305,$163,$220,$83,$107,$250,$276,$145,$175,$308,$206,$154,$105,$118,$216,$315,$252,$106,$251,$219,$294,$233,$150,$202,$399,$194,$429,$111,$201,$176,$284,$101,$236,$250,$75,$225,$234,$138,$103,$85,$200,$220,$118,$545,$111,$140,$107,,$158,$100,$120,$292,$75,$350,$315,$121,$121,$54,$115,$50,$300,$133,$259,$155,$103,$362,$268,$158,$105,$140,$148,$210,$300,$168,$251,$162,$286,$218,$162,$237,$170,$160,$123,$308,$80,$475,$133,$248,$295,$101,$201,$131,$164,$261,$242,$346,$87,$214,$85,$154,$300,$180,$195,$348,$347,$350,$209,$172,$167,$110,$229,$233,$262,$139,$280,$71,$89,$202,$148,$300,$150,$150,$358,$299,$159,$250,$201,$123,$178,$272,$166,$203,$130,$99,$123,$261,$245,$135,$150,$250,$98,$150,$384,$95,$84,$114,$85,$349,$119,$121,$129,$165,$125,$283,$114,$150,$160,$159,$107,$109,$189,$150
22,$283,$435,$106,$409,$260,$170,$60,$121,$168,$86,$96,$201,$92,$133,$208,$432,$214,$131,$259,$160,$349,$110,$135,$239,$105,$602,$208,$135,$257,$177,$175,$198,$152,$55,$124,$215,$102,$106,$90,$125,$189,$131,$150,$173,$103,$264,$212,$306,$179,$200,$700,$260,$200,$250,$136,$150,$86,$260,$127,$345,$90,$269,$149,$151,$142,$121,$115,$209,$145,$285,$462,$121,$183,$126,$189,$55,$89,$246,$198,$276,$230,$226,$67,$123,$154,$89,$85,$199,$139,$275,$396,$150,$115,$79,$136,$190,$191,$255,$227,$202,$103,$150,$171,$136,$122,$167,$248,$152,$299,$140,$174,$145,$118,$92,$191,$226,$226,$240,$150,$285,$320,$162,$398,$400,$208,$130,$297,$239,$177,$139,$308,$300,$495,$108,$122,$198,$499,$81,$425,$83,$150,$99,$299,$326,$185,$329,$283,$96,$142,$142,$130,$167,$124,$200,$200,$135,$123,$125,$129,$180,$91,$133,$325,$107,$534,$140,$116,$106,$90,$400,$99,$109,$144,$225,$80,$248,$319,$104,$235,$200,$170,$199,$113,$240,$390,$127,$109,$150,$330,$545,$176,$127,$400,$486,$157,$275,$280,$327,$155,$235,$164,$183,$159,$63,$132,$148,$308,$110,$118,$150,$272,$130,$294,$67,$74,$219,,$205,$202,$85,$319,$123,$149,$181,$142,$150,$81,$229,$205,$229,$127,$106,$241,$125,$500,$173,$139,$95,$204,$169,$169,$295,$305,$145,$149,$251,$77,$253,$105,$126,$169,$295,$169,$105,$233,$229,$314,$157,$91,$285,$201,$251,$150,$265,$91,$401,$475,$93,$129,$425,$409,$232,$475,$204,$367,$99,$267,$85,$225,$127,$176,$350,$219,$366,$116,$97,$400,$265,$420,$346,$142,$195,$87,$200,$139,$350,$126,$171,$349,$107,$128,$121,$68,$87,$273,$389,$132,$101,$156,$235,$79,$188,$159,$89,$275,$431,$393,$107,$133,$160,$209,$336,$284,$196,$250,$175,$255,$225,$105,$122,$79
23,$199,$184,$225,$240,$95,$123,$175,$164,$160,$210,$156,$288,$160,$101,$66,$249,$150,$98,$258,$283,$256,$125,$175,$162,$73,$230,$134,$119,$228,$400,$282,$131,$81,$250,$157,$109,$175,$285,$95,$235,$290,$152,$282,$340,$179,$296,$188,$295,$115,$125,$314,$87,$450,$216,$200,$252,$81,$180,$150,$102,$220,$175,$145,$111,$120,$248,$348,$407,$159,$207,$121,$338,$298,$200,$123,$103,$110,$249,$232,$200,$179,$252,$175,$268,$100,$111,$139,$275,$255,$137,$305,$275,$275,$375,$80,$157,$305,$255,$96,$147,$120,$269,$332,$281,$80,$229,$68,$135,$191,$307,$274,$205,$300,$145,$118,$150,$150,$461,$312,$271,$255,$107,$203,$116,$134,$100,$149,$321,$333,$269,$227,$220,$129,$119,$139,$127,$178,$110,$75,$189,$175,$220,$233,$330,$125,$381,$199,$120,$220,$89,$75,$194,$100,$149,$329,$750,$109,$133,$125,$131,$58,$253,$268,$175,$420,$150,$150,$101,$150,$163,$139,$126,$123,$82,$232,$121,$87,$188,$176,$188,$142,$135,$118,$169,$136,$187,$96,$168,$220,$139,$189,$264,$225,$250,$165,$265,$120,$282,$85,$450,$178,$111,$160,$92,$150,$162,$227,$102,$160,$388,$170,$144,$136,$219,$103,$145,,$181,$147,$199,$95,$142,$248,$175,$197,$151,$135,$120,$219,$176,$111,$300,$132,$111,$96,$395,$154,$91,$60,$305,$159,$131,$176,$450,$149,$225,$152,$259,$153,$250,$200,$255,$113,$145,$176,$195,$700,$161,$282,$323,$185,$76,$312,$188,$275,$476,$396,$252,$306,$203,$280,$135,$350,$200,$273,$64,$175,$114,$147,$219,$189,$135,$139,$263,$85,$127,$225,$375,$179,$100,$211,$175,$130,$400,$180,$334,$112,$85,$256,$123,$206,$350,$242,$257,$158,$150,$520,$98,$119,$200,$183,$160,$130,$153,$155,$240,$320,$237,$264,$150,$263,$140,$100,$235,$85,$222,$225,$82,$100,$145,$183
24,$300,$409,$209,$280,$179,$189,$256,$187,$252,$95,$100,$111,$228,$155,$172,$442,$210,$141,$390,$209,$430,$68,$168,$202,$245,$239,$171,$115,$135,$109,$149,$203,$125,$224,$131,$136,$181,$120,$138,$100,$176,$242,$96,$125,$150,$225,$179,$149,$151,$97,$450,$320,$225,$182,$202,$159,$45,$275,$93,$144,$229,$184,$171,$218,$211,$103,$76,$145,$165,$154,$178,$179,$196,$159,$150,$151,$127,$257,$101,$176,$375,$168,$152,$120,$157,$249,$79,$208,$235,$313,$430,$201,$245,$110,$75,$349,$200,$255,$201,$300,$167,$100,$120,$101,$161,$250,$249,$142,$153,$199,$200,$110,$115,$162,$135,$205,$205,$126,$139,$206,$210,$105,$130,$175,$171,$166,$266,$225,$155,$100,$156,$113,$103,$91,$88,$107,$175,$105,$118,$204,$102,$120,$124,$187,$80,$115,$300,$60,$177,$89,$120,$95,$88,$110,$251,$338,$535,$288,$193,$228,$199,$84,$169,$88,$135,$135,$108,$113,$130,$176,$120,$249,$148,$181,$131,$252,$139,$120,$110,$195,$85,$73,$164,$99,$224,$127,$184,$229,$185,$136,$290,$122,$195,$180,$160,$189,$93,$149,$100,$272,$106,$249,$230,$79,$190,$189,$196,$157,$130,$125,$262,$113,$139,$115,$125,$166,,$250,$300,$460,$275,$54,$300,$186,$90,$353,$76,$239,$106,$200,$191,$133,$88,$152,$325,$158,$235,$199,$121,$250,$87,$103,$196,$77,$176,$115,$156,$258,$95,$140,$250,$207,$132,$159,$189,$147,$450,$120,$125,$197,$101,$295,$139,$385,$153,$483,$430,$145,$223,$410,$240,$225,$200,"$1,094",$151,$68,$264,$153,$195,$368,$290,$113,$153,$417,$119,$160,$195,$134,$225,$215,$120,$200,$299,$150,$165,$265,$143,$219,$430,$287,$146,$118,$122,$165,$224,$295,$153,$126,$141,$78,$73,$300,$113,$77,$66,$201,$565,$266,$145,$112,$336,$211,$203,$169,$85,$202,$175,$155,$159,$214,$73
25,$635,$105,$265,$251,$138,$187,$255,$171,$227,$100,$93,$188,$124,$203,$152,$423,$120,$129,$213,$117,$319,$39,$141,$195,$128,$249,$138,$119,$139,$185,$188,$157,$105,$197,$290,$85,$111,$250,$71,$349,$192,$95,$102,$196,$195,$154,$155,$121,$111,$289,$216,$308,$330,$109,$230,$162,$77,$209,$250,$260,$144,$149,$219,$191,$105,$149,$225,$180,$122,$153,$145,$349,$280,$243,$142,$104,$156,$191,$135,$84,$79,$176,$164,$135,$110,$137,$195,$115,$650,$364,$293,$129,$189,$179,$283,$150,$282,$120,$75,$139,$125,$95,$315,$137,$126,$316,$80,$113,$252,$234,$295,$97,$127,$75,$107,$106,$106,$140,$224,$209,$226,$81,$301,$175,$138,$120,$170,$275,$80,$225,$196,$107,$149,$101,$185,$238,$170,$550,$65,$161,$385,$297,$303,$245,$146,$195,$635,$195,$354,$125,$139,$135,$155,$165,$90,$295,$160,$95,$250,$131,$166,$149,$240,$98,$300,$98,$169,$200,$400,$340,$133,$217,$169,$155,$109,$299,$234,$150,$219,$216,$168,$138,$104,$225,$288,$125,$215,$289,$115,$120,$192,$157,$158,$401,$231,$331,$88,$234,$159,$236,$439,$137,$381,$63,$110,$136,$156,$154,$135,$500,$175,$425,$120,$145,$100,$168,,$235,$139,$119,$225,$92,$125,$110,$120,$108,$111,$185,$133,$265,$128,$350,$165,$103,$192,$154,$186,$263,$127,$130,$126,$199,$175,$275,$176,$170,$100,$213,$176,$155,$209,$304,$160,$100,$290,$84,$216,$420,$122,$128,$160,$187,$203,$239,$297,$358,$293,$141,$195,$273,$251,$194,$140,$595,$233,$76,$329,$370,$149,$350,$192,$240,$169,$201,$350,$285,$158,$154,$248,$100,$105,$259,$252,$269,$150,$280,$275,$101,$319,$247,$111,$191,$188,$148,$185,$108,$98,$77,$199,$99,$250,$152,$160,$165,$201,$92,$315,$106,$193,$82,$130,$160,$62,$267,$181,$275,$139,$181,$233,$135,$250
26,$175,$125,$160,$346,$150,$200,$162,$250,$275,$100,$118,$168,$79,$132,$234,$229,$155,$297,$202,$132,$329,$98,$155,$266,$241,$191,$131,$110,$216,$135,$192,$125,$89,$160,$147,$81,$177,$201,$63,$180,$170,$167,$73,$125,$108,$129,$297,$151,$60,$346,$308,$211,$299,$650,$322,$135,$79,$175,$78,$140,$94,$312,$132,$160,$271,$310,$117,$168,$86,$191,$176,$83,$147,$159,$149,$91,$119,$220,$147,$137,$185,$155,$300,$276,$205,$204,$99,$171,$350,$99,$206,$101,$219,$253,$101,$253,$216,$255,$100,$279,$107,$83,$219,$95,$126,$361,$170,$161,$156,$146,$281,$164,$125,$179,$160,$150,$150,$146,$205,$108,$460,$89,$525,$150,$131,$100,$125,$175,$64,$147,$242,$80,$65,$128,$90,$191,$95,$113,$95,$181,$175,$137,$562,$294,$101,$210,$155,$154,$175,$410,$99,$184,$271,$140,$101,$599,$243,$99,$236,$74,$196,$55,$195,$250,$309,$82,$332,$158,$295,$273,$149,$208,$153,$267,$105,$138,$350,$153,$156,$307,$198,$199,$165,$113,$250,$200,$92,$281,$105,$117,$170,$200,$115,$175,$179,$209,$122,$549,$124,$431,$106,$204,$495,$126,$188,$43,$242,$248,$127,$668,$142,$103,$133,$119,$139,$131,,$175,$188,$124,$93,$114,$77,$224,$137,$135,$59,$287,$80,$335,$124,$136,$159,$119,$169,$236,$268,$337,$150,$225,$138,$121,$305,$150,$150,$179,$115,$390,$95,$189,$292,$103,$208,$275,$192,$135,$308,$176,$275,$157,$119,$110,$145,$194,$399,$159,$206,$99,$350,$289,$124,$230,$99,$495,$95,$98,$143,$114,$96,$197,$170,$158,$124,$365,$186,$113,$115,$193,$595,$200,$170,$181,$280,$139,$150,$205,$84,$113,$329,$205,$126,$115,$209,$105,$150,$427,$138,$89,$91,$104,$300,$368,$96,$95,$155,$161,$289,$202,$169,$150,$200,$105,$140,$250,$139,$88,$200,$267,$178,$250,$102
27,$137,$68,$400,$124,$181,$125,$300,$126,$360,$197,$214,$210,$275,$124,$102,$263,$229,$203,$284,$153,$349,$78,$90,$165,$348,$177,$179,$118,$351,$166,$150,$234,$61,$261,$369,$139,$139,$90,$98,$143,$236,$80,$125,$261,$154,$238,$200,$203,$62,$125,$907,$121,$749,$153,$245,$135,$105,$179,$210,$97,$132,$225,$145,$95,$170,$136,$128,$211,$276,$164,$178,,$177,$122,$95,$203,$219,$254,$195,$88,$251,$137,$129,$303,$81,$165,$209,$223,$136,$241,$221,$110,$129,$120,$140,$260,$200,$22,$199,$188,$151,$187,$175,$315,$297,$242,$150,$129,$113,$198,$428,$144,$160,$214,$190,$145,$145,$216,$145,$253,$319,$89,$179,$225,$179,$221,$279,$264,$152,$145,$129,$120,$199,$139,$67,$225,$120,$320,$300,$149,$350,$105,$100,$151,$149,$124,$175,$72,$283,$119,$173,$100,$150,$215,$97,$85,$196,$151,$132,$175,$45,$95,$302,$69,$125,$328,$160,$150,$299,$312,$100,$180,$184,$145,$100,$113,$153,$75,$215,$135,$179,$142,$161,$171,$156,$126,$229,$223,$170,$133,$236,$111,$121,$152,$138,$176,$89,$406,$100,$283,$147,$165,$277,$99,$263,$88,$129,$224,$109,$108,$158,$261,$117,$58,$85,$148,,$126,$279,$128,$159,$210,$245,$378,$275,$120,$159,$202,$223,$112,$102,$137,$114,$145,$225,$299,$139,$149,$185,$230,$83,$149,$141,$120,$386,$175,$271,$202,$176,$130,$256,$133,$160,$155,$170,$232,$907,$153,$147,$200,$149,$131,$224,$160,$141,$200,$221,$151,$121,$271,$346,$197,$225,$745,$96,$78,$365,$150,$115,$135,$236,$194,$230,$277,$275,$159,$121,$140,$352,$203,$271,$307,$151,$91,$125,$220,$126,$102,$349,$99,$131,$184,$64,$137,$422,$99,$149,$112,$275,$315,$102,$220,$92,$120,$99,$94,$275,$260,$163,$99,$181,$203,$233,$134,$156,$150,$94,$145,$276,$70,$300
28,$155,$80,$89,$216,$64,$159,$122,$299,$150,$100,,$370,$160,$124,$238,$292,$110,$354,$288,$295,$241,$121,$93,$253,$102,$281,$157,$121,$250,$215,$460,$140,$80,$147,$162,$550,$133,$86,$80,$99,$210,$225,$375,$200,$150,$275,$167,$248,$109,$144,$354,$150,$245,$391,$168,$301,$113,$136,$100,$150,$93,$180,$200,$196,$124,$89,$188,$130,$119,$316,$194,,$128,$126,$196,$101,$125,$219,$107,$132,$225,$159,$341,$176,$143,$85,$85,$225,$325,$195,$290,$125,$134,$267,$100,$295,$190,$79,$67,$205,$162,$179,$190,$157,$207,$160,$94,$87,$175,$128,$172,$155,$139,$150,$154,$133,$133,$156,$260,$147,$475,$109,$112,$148,$157,$119,$209,$262,$102,$263,$305,$229,$148,$88,$283,$125,$135,$200,$180,$91,$75,$180,$242,$350,$153,$145,$137,$100,$249,$90,$190,$55,$270,$285,$102,$437,$260,$252,$141,$147,$148,$105,$320,$101,$210,$155,$228,$273,$134,$276,$150,$200,$135,$119,$228,$121,$255,$93,$133,$252,$112,$218,$213,$110,$142,$178,$140,$151,$78,$339,$210,$136,$179,$225,$159,$235,$154,$379,$165,$198,$141,$85,$212,$390,$115,$127,$305,$130,$75,$282,$116,$125,$339,$79,$76,$112,,$177,$193,$61,$100,$92,$225,$350,$149,$109,$203,$200,$220,$170,$158,$134,$125,$109,$457,$297,$155,$75,$199,$270,$152,$200,$266,$270,$159,$95,$145,$284,$180,$95,$199,$162,$154,$288,$236,$347,$354,$156,$83,$98,$94,$100,$260,$326,$189,$241,$290,$135,$116,$204,$216,$175,$86,$325,$204,$108,$195,$304,$202,$328,$210,$117,$137,$251,$70,$150,$179,$145,$250,$80,$124,$300,$169,$87,$158,$285,$125,$135,$241,$112,$150,$67,$143,$108,$149,$127,$275,$101,$85,$172,$131,$201,$95,$66,$146,$123,$326,$179,$201,$137,$145,$172,$335,$350,$250,$200,$220,$119,$300,$197,$203
29,$202,$157,$65,$268,$131,$148,$207,$123,$228,$147,,$194,$100,$181,$72,$290,$195,$302,,$207,$153,$100,$151,$108,$94,$83,,$221,$248,$225,$80,$238,$125,$306,$215,$121,$145,$90,$83,$240,$159,$87,$324,$199,$183,$180,$236,$83,$47,$211,$289,$299,$301,$176,$101,$120,$121,$140,$301,$179,$108,$125,,$144,$104,$132,$101,$261,$150,$470,$153,,$126,$170,$253,$97,$165,$275,$204,$178,$100,$90,$170,$175,$100,$110,$155,$405,$180,$200,$248,$350,$180,$90,$125,$325,$169,$230,$65,$193,$160,$265,$114,$84,$215,$177,$79,$129,$150,$260,$174,$81,$133,$180,$367,$525,$525,$74,$204,$128,$274,,$250,$112,,$75,$229,$263,$130,$131,$433,$171,$248,$135,$890,$629,$290,$207,$185,$139,$250,$199,$183,$195,$126,$226,$202,$154,$150,$60,$160,$155,$150,$240,$92,$170,$315,$230,$129,$111,$103,$88,$175,$50,$230,$83,$225,$188,$168,$425,$125,$113,$119,$154,$159,$150,$144,$117,$122,$358,$191,$116,$100,$101,$105,$180,$116,$160,$186,$125,$159,$126,$169,$159,,$211,$91,$181,$92,$186,$128,$110,$276,$105,$225,$175,$433,$294,$111,$93,$207,$86,$125,$121,$100,$150,,$467,$205,$93,$162,$89,$253,$149,$137,$103,$108,$254,$150,$250,$170,$289,$80,$110,$85,$325,$150,$59,$69,$77,$150,$157,$180,$124,$151,$194,$135,$288,$222,,$250,$80,$140,$153,$210,$106,$289,$126,$308,$175,$116,$150,$204,$194,$209,$350,$248,$145,$150,$650,$275,$142,$105,$823,$221,$104,$195,$107,$290,$136,$159,$144,$131,$206,$200,$75,$169,$186,$485,$195,$241,$206,$181,$120,$285,$160,$151,$90,$153,$110,$207,$105,$156,$82,$190,$88,$125,$110,$132,$128,$203,$218,$118,$145,$200,$188,$170,$119,$165,$147,$260,$124,$224,$146,$110,$263,$104,$154,$178,$190,$291
30,$159,$157,$101,$275,$95,$126,$80,$143,$119,$86,,$325,$93,$108,$121,$300,$120,$250,,$279,$139,$86,$159,$329,$177,$190,,$210,$200,$145,$127,$349,$101,$299,$106,$130,$96,$137,$79,$295,,,$131,$195,$170,$250,$230,$300,$219,$135,$204,$128,$208,$195,$208,$157,$101,,$92,$99,$250,$102,,$80,$241,$205,$137,$80,$178,$188,$132,,$159,$180,$120,$175,$125,$208,$195,$112,$200,$101,$250,$150,$170,$207,$78,$448,$296,$282,$285,$150,$250,$202,$135,$103,$194,$14,$218,$231,$50,$150,$153,$240,$363,$95,$128,$125,$196,$166,$251,$140,$99,$62,$220,$235,$235,$158,$167,$81,$245,,$391,$87,,$93,$176,$260,$100,$223,$185,$162,$290,$92,$145,$115,$195,$500,$375,$100,$150,$173,$279,$195,$87,$153,$159,$146,$169,$131,$170,$75,$140,$190,$79,$88,$288,$138,$102,$100,$157,$179,$381,$72,$320,$77,$165,$119,$166,$257,$138,$126,$134,$183,$145,$130,$152,$175,$125,$110,$108,$220,$71,$95,$75,$175,$176,$300,$247,$125,,$106,$331,$117,,$367,$103,$198,$113,$128,$110,$207,$377,$173,$170,$71,$297,$84,$90,$225,$163,$699,$125,$167,,$117,,$197,$231,$159,$175,$92,$177,$303,,$125,$76,$147,,$75,$120,$162,$137,,$85,$239,$135,$174,$164,$198,$187,$125,$144,$143,$323,$150,$225,,$150,,$650,$181,$102,$137,$159,$84,$204,$151,$202,$124,$150,$142,$167,$193,$178,$135,$285,$88,$207,$250,$238,$147,$81,$675,$150,$67,$203,$139,$158,$158,,$353,$185,$599,$244,$74,$331,$120,$250,$135,$104,$245,$111,$80,$187,$152,$132,$140,$139,$249,$262,$147,$89,$108,$200,$189,$122,$124,$149,$151,$291,$285,$126,$135,$95,$217,$237,$250,$114,,$159,$100,$93,$513,$195,$152,$191,$183,$302,$143,$131
31,$165,$157,,$350,$125,$85,$123,$332,$200,,,$142,$100,$126,$185,$295,$127,$77,,$178,$378,$96,$125,$195,$129,$158,,$129,$185,$266,$136,$148,$125,$386,$110,$105,,$235,$85,$98,,,$137,$204,$161,$137,$148,$418,$109,$225,$350,$175,$280,$90,$270,$166,$120,,$135,$199,$161,$97,,$303,$201,$199,$105,$101,$138,$129,$132,,$155,$169,$199,$130,$190,$253,$229,$95,$300,$180,$40,$245,$85,$80,$75,$199,$65,$247,$309,$208,$130,$132,$219,$95,$123,$255,$195,$231,$41,$204,$234,$86,$178,$302,$82,$159,$176,$117,$192,$95,$99,$75,$352,,,$160,$210,$98,$113,,$149,$300,,$119,$176,$216,$70,$220,$297,$175,,$98,$89,$46,$90,$137,$155,$114,$349,$207,$109,$226,$90,$142,$165,$86,$195,$189,$94,$296,$150,$125,$139,$225,$212,$127,$75,$81,$130,$66,$150,$184,$250,$331,$119,$129,$202,$157,$158,$210,$135,$219,$140,$113,$162,$100,$190,$174,$241,$170,$69,$116,$160,$130,$266,$114,$240,$124,,$95,$118,$230,,$277,$110,$299,$99,$566,$245,$80,$296,$100,$86,$132,$185,$121,$106,$165,$217,$475,$100,$101,,$156,,$292,$231,$110,$162,$101,$201,$135,,$227,$95,$92,,$187,$85,$375,$55,,$229,$300,$165,$191,$82,$66,$101,$240,$156,$193,$380,$149,$135,,$175,,$200,$81,$85,$150,,$85,$350,$299,$106,$100,$105,$97,$210,$243,$157,$454,$309,$168,$249,$107,$350,$125,$106,$175,$265,$72,$256,$135,$116,$110,,$106,$179,$284,$147,$175,$118,$128,$309,$92,$201,$174,$97,$136,$199,$150,$158,$184,$378,$175,$83,$90,$152,$99,$142,$152,$100,$79,$85,$90,$140,$174,$105,$151,$110,$159,$154,$193,$135,,$225,$123,$165,$239,$120,$313,$209,$219,$145,$150,$140
32,$225,$111,,$208,$84,,$85,$166,$130,,,$229,$185,$166,$62,$188,$200,$258,,$136,$270,$94,$115,$324,$300,,,$75,$192,$177,$132,$179,$51,$209,$96,$115,,$266,$88,$155,,,$219,$209,$117,$141,$195,$121,$100,$363,$110,$105,$350,,$215,$150,,,$151,$175,$258,$180,,$133,$95,$142,$111,$183,$129,$150,$119,,$194,$183,$166,$75,$199,$180,$170,,$93,$95,$128,$130,$126,$65,$119,$208,$349,,$216,$225,$137,$139,$177,$194,$135,,$72,$291,$161,$250,$120,$117,$160,$172,$157,$130,$99,$150,$163,$164,$103,,$250,,,$110,$225,$230,$123,,$200,$124,,$155,$149,$298,$61,$268,$140,$161,,$175,$87,$70,$93,$113,$75,$102,$150,$270,$139,$343,$107,$192,$225,$103,,$126,$109,$195,$117,$197,,$230,$173,$137,$100,$78,$190,$105,$239,$125,$241,$175,$269,$103,$181,,$75,$65,$87,$110,$276,$360,$166,,$199,$235,$98,$161,$233,$95,$99,$65,$110,$117,$76,$98,,$90,$123,$130,,$205,$150,$375,$96,,$185,$65,$270,$66,$135,$104,$140,$189,$241,$200,$300,$236,$124,$102,,$131,,$372,$291,$243,$135,$125,$164,$400,,$206,$84,$247,,$312,,$325,$270,,$241,$262,$124,$221,$102,$132,$78,$200,$231,$165,$176,$150,$200,,,,$71,,$136,$133,,$129,$110,$356,$341,$132,$126,$140,$225,$272,$275,$280,$216,$115,$175,$195,$208,$85,$60,$264,$164,$129,$238,$156,$135,$99,,$158,$145,$226,$170,$251,$123,$99,$499,$155,$95,$127,$102,$90,$175,$174,$185,$179,$270,$130,$106,$191,$60,$84,$261,$248,$190,$97,$150,$196,$130,$97,$95,$118,$101,,,$126,$145,,,$68,$99,$175,$99,$190,$103,$110,$290,$129,$130
33,$250,$111,,$217,$149,,,$275,$488,,,$239,,$124,$177,$211,$135,,,$342,$204,$65,$138,,$210,,,,$251,$320,,$137,,$160,$94,$81,,$98,$70,$82,,,$137,$213,$124,$199,$431,,$85,$115,$103,$147,$142,,$178,,,,$59,$199,$139,$169,,$181,$145,$120,$69,$186,$136,$90,$175,,$330,$89,$97,$134,$215,$198,,,,$86,$86,$348,$111,,,$166,$97,,,$99,$98,$63,$111,,$225,,,$185,$76,,$157,$101,$135,$159,$105,$130,$147,$151,,$100,$107,,$161,,,$137,$175,$200,$357,,$354,$98,,$114,$177,$175,$115,$160,$126,,,$109,$89,,$142,$116,$116,$200,$145,$125,$240,$182,,$135,$250,$114,,$114,$95,$167,$122,$365,,$85,$285,$88,$99,$100,$255,$199,$313,$109,$175,$109,$210,$161,,,$125,$105,$115,$125,$779,$130,$140,,$165,$219,,$140,$248,,$99,$107,$96,,$112,$163,,$125,$199,$103,,$303,$75,$170,$250,,$101,,,$45,$149,$85,$126,,$125,$287,$184,$75,$163,$99,,$139,,$115,$185,$120,$187,$144,,,,$175,$30,$137,,,,$228,$75,,$137,$230,$189,$151,$65,$220,$160,$160,$295,$191,$266,$89,$249,,,,,,,$131,,$167,$103,$139,$92,$80,$64,$170,$175,$194,$165,$112,,$138,$206,$200,$217,$167,$550,$180,$213,$59,$240,$119,$110,$66,,,$170,$305,$221,$127,$199,$87,,,$145,$176,$127,$89,$77,$135,$89,$144,$204,$85,$329,$175,,$123,$173,$93,$135,,$141,$134,$95,$115,$156,$130,$125,,,$121,,,,$200,$85,$177,$116,$213,$175,$117,$192,,$95
34,$159,$98,,$333,$70,,,,,,,$271,,$120,$137,$249,,,,,$150,,,,,,,,$196,,,$233,,$116,$105,,,,$120,$104,,,,$210,$109,$199,$192,,,$275,$162,,,,$110,,,,$121,,$89,$119,,,$75,,,$97,$146,$535,$151,,$110,$235,$199,$121,$188,$271,,,,$201,$69,,$76,,,,$100,,,$194,$319,,,,,,,$188,$78,,$187,,,$158,$80,,,$175,,,,,,,,$192,$187,$80,,,$159,,,,$204,$175,$75,$140,,,,$108,,,$150,$117,$160,,$87,,$133,,,$174,$159,$62,,,$89,$75,$240,$400,,,$176,$105,$250,$109,,$68,,$90,$111,$78,$190,$115,,,$107,$55,,$117,$300,$268,$375,,$89,$356,,,$162,,$178,,$151,,,$60,,$149,$124,$156,,$145,$85,$299,,,$86,,,$151,$117,$95,,,$178,,$140,$124,$60,$143,,,,$251,$188,$55,$321,,,,,$109,,$217,,,,$225,$153,,$134,$148,,$174,,,,$135,,$179,$281,$320,$233,,,,,,,$111,,$112,$162,,$111,,$111,$145,$187,,$186,,,,$128,$254,$333,$107,$116,$160,$173,$115,$245,$84,$75,$113,,,$139,$198,$188,$140,$124,,,,,$219,$191,,$129,,,$110,$150,$78,,$110,,$88,,$238,$85,,$135,$90,$200,,$119,$135,,,,$120,,,,,$120,,$96,,,$125,$155,,$200
35,$126,$97,,$205,,,,,,,,$283,,$129,,,,,,,$429,,,,,,,,,,,$135,,$240,,,,,,,,,,,,$208,$173,,,,,,,,,,,,$190,,,,,,,,,$122,,,,,$101,$171,,$156,,$176,,,,$135,,,,,,,,,,,,,,,,,,$155,,,,,,$130,,,,,,,,,,,,$139,$208,,,,$210,,,,$225,,,,,,,$59,,,$78,$203,,,,,,,,$115,$126,,,,,,$100,$235,,,$300,$160,,,,,,,$310,,$199,,,,,$131,,$147,$178,,,,,$181,,,$154,,,,$112,,,,,,,,,,,$198,,,,,,,$106,,,,$135,,$220,$92,,$63,,,,$110,$155,$99,,,,,,,,$282,,,,$160,$124,,$133,,,,,,,,,$201,$188,,$109,,,,,,,$75,,$121,,,,,,$173,$208,,,,,,,$208,$105,$160,$137,$345,$104,,,,,,,,,$283,,,,,,,,$187,,,,,,$101,$127,$225,,,,$89,,$317,$121,,$118,,$160,,$85,$143,,,,,,,,,,,$42,,,$147,$249,,$160
